icao24,callsign,origin_country,time_position,last_contact,longitude,latitude,baro_altitude,on_ground,velocity,true_track,vertical_rate,sensors,geo_altitude,squawk,spi,position_source
a5f87d,N484LP,United States,2026-09-07 06:48:46,2026-09-07 06:48:52,-112.2975,33.5281,,True,0.0,205.31,,,,,False,0
a88d10,DAL8838,United States,2026-09-07 06:48:59,2026-09-07 06:48:59,-74.2352,40.7487,1173.48,False,140.54,213.81,0.0,,1219.2,4244,False,0
a2cd90,N28VU,United States,2026-09-07 06:49:00,2026-09-07 06:49:00,-83.2526,33.671,3246.12,False,121.66,283.45,-4.23,,3368.04,5260,False,0
a00994,N101MX,United States,2026-09-07 06:48:59,2026-09-07 06:48:59,-115.8458,34.7908,8808.72,False,216.63,271.22,-9.43,,9296.4,2570,False,0
0d1201,VOI1851,Mexico,2026-09-07 06:49:00,2026-09-07 06:49:00,-121.0062,41.4201,10058.4,False,231.82,170.93,0.0,,10386.06,3535,False,0
aa8114,UAL2416,United States,2026-09-07 06:48:52,2026-09-07 06:48:57,-122.39,37.6214,,True,0.0,205.31,,,,,False,0
ad572a,,United States,2026-09-07 06:48:59,2026-09-07 06:49:00,-98.1191,41.5947,5151.12,False,139.04,125.51,0.0,,5471.16,,False,0
a40cd9,FFT1876,United States,2026-09-07 06:48:59,2026-09-07 06:48:59,-98.7706,34.9912,10668.0,False,248.68,104.5,0.0,,11376.66,,False,0
a1036b,N16437,United States,2026-09-07 06:48:59,2026-09-07 06:48:59,-87.5114,40.7383,1165.86,False,71.05,349.99,0.0,,1196.34,,False,0
a1f021,N224CT,United States,2026-09-07 06:48:59,2026-09-07 06:49:00,-115.5174,36.0341,4107.18,False,103.01,127.9,0.0,,4297.68,,False,0
0d10e4,VOI185,Mexico,2026-09-07 06:48:59,2026-09-07 06:48:59,-116.8374,32.3694,3086.1,False,152.78,117.26,12.03,,3230.88,,False,0
0d10fe,VOI702,Mexico,2026-09-07 06:48:59,2026-09-07 06:49:00,-88.2399,41.949,1470.66,False,102.03,21.91,0.0,,1546.86,3256,False,0
a008c9,DAL2866,United States,2026-09-07 06:48:53,2026-09-07 06:48:59,-93.2103,44.8857,,True,0.0,210.94,,,,3356,False,0
a84699,EJA632,United States,2026-09-07 06:46:11,2026-09-07 06:46:11,-77.4387,38.9364,,True,13.38,180.0,,,,,False,0
ad5711,N959LA,United States,2026-09-07 06:48:59,2026-09-07 06:48:59,-118.1007,33.9481,350.52,False,49.07,60.48,3.58,,312.42,,False,0
0d118f,MXA1204,Mexico,2026-09-07 06:47:57,2026-09-07 06:48:08,-116.9331,32.5362,266.7,False,72.32,278.59,-2.93,,220.98,1376,False,0
a38b61,JBU994,United States,2026-09-07 06:48:09,2026-09-07 06:48:11,-100.2728,40.5888,10058.4,False,251.32,75.05,0.0,,10683.24,3270,False,0
0d116a,VOI3047,Mexico,2026-09-07 06:48:59,2026-09-07 06:48:59,-115.7487,32.1687,5935.98,False,181.0,290.29,-9.75,,6286.5,,False,0
ad9e73,JBU777,United States,2026-09-07 06:48:59,2026-09-07 06:48:59,-98.3287,37.5224,10972.8,False,233.2,259.71,0.33,,11696.7,3456,False,0
0d111b,VOI3297,Mexico,2026-09-07 06:48:58,2026-09-07 06:48:58,-111.0099,30.1664,10988.04,False,245.32,292.05,0.0,,11727.18,,False,0
aae391,N800TL,United States,2026-09-07 06:49:00,2026-09-07 06:49:00,-84.0042,37.8,11277.6,False,217.72,60.41,-0.65,,11856.72,2476,False,0
0d1154,VOI504,Mexico,2026-09-07 06:48:59,2026-09-07 06:48:59,-90.3955,29.552,11285.22,False,222.7,49.87,0.0,,11986.26,,False,0
a8de33,DAL391,United States,2026-09-07 06:48:01,2026-09-07 06:48:01,-118.0083,40.2133,8366.76,False,272.71,78.8,6.83,,8671.56,,False,0
ac48ac,SWA4438,United States,2026-09-07 06:48:59,2026-09-07 06:49:00,-121.1895,37.1055,3360.42,False,180.65,277.69,-11.7,,3489.96,1660,False,0
a75b65,AAL2214,United States,2026-09-07 06:48:59,2026-09-07 06:48:59,-115.4372,43.4857,10058.4,False,264.42,93.57,0.0,,10302.24,,False,0
a1cffd,MXY527,United States,2026-09-07 06:48:51,2026-09-07 06:48:51,-100.4756,37.9396,10668.0,False,248.22,84.17,0.0,,11376.66,2007,False,0
a8da4e,N67KP,United States,2026-09-07 06:48:59,2026-09-07 06:48:59,-94.714,37.3653,723.9,False,92.72,2.86,-3.25,,739.14,,False,0
aa3b99,N759BH,United States,2026-09-07 06:48:59,2026-09-07 06:48:59,-72.4564,41.9312,426.72,False,68.19,138.98,0.0,,434.34,,False,0
a59398,AAL2410,United States,2026-09-07 06:48:59,2026-09-07 06:48:59,-122.37,37.6151,,True,9.26,118.12,,,,,False,0
a258b4,CSI502,United States,2026-09-07 06:49:00,2026-09-07 06:49:00,-106.6711,35.003,3002.28,False,91.61,287.32,8.45,,3154.68,,False,0
a138b8,AAL2751,United States,2026-09-07 06:48:56,2026-09-07 06:48:57,-115.1362,36.0817,,True,0.0,272.81,,,,,False,0
a78fcf,ASA2625,United States,2026-09-07 06:48:59,2026-09-07 06:48:59,-116.2993,38.4367,11582.4,False,225.71,276.41,-0.33,,12115.8,,False,0
a97608,ASA255,United States,2026-09-07 06:48:59,2026-09-07 06:48:59,-92.8598,42.6681,10668.0,False,246.63,84.25,0.33,,11254.74,7321,False,0
ab2728,AVA205,United States,2026-09-07 06:49:00,2026-09-07 06:49:00,-82.0264,30.9041,10980.42,False,242.63,141.28,-0.33,,11643.36,2245,False,0
ab5b66,SWA3131,United States,2026-09-07 06:49:00,2026-09-07 06:49:00,-119.6901,45.3741,10447.02,False,258.29,100.91,3.9,,10584.18,3507,False,0
a8304f,ASA7097,United States,2026-09-07 06:48:45,2026-09-07 06:48:45,-122.305,47.4566,,True,0.0,0.0,,,,,False,0
a90e74,ABX3132,United States,2026-09-07 06:49:00,2026-09-07 06:49:00,-99.4694,38.4751,11590.02,False,227.36,266.24,0.0,,12329.16,,False,0
ac8cf1,AAL2945,United States,2026-09-07 06:48:59,2026-09-07 06:48:59,-112.1936,33.1675,10972.8,False,219.5,242.65,0.0,,11673.84,5652,False,0
ad5329,N958JB,United States,2026-09-07 06:48:32,2026-09-07 06:48:53,-73.7751,40.6463,,True,0.0,213.75,,,,,False,0
a12777,UAL1827,United States,2026-09-07 06:48:59,2026-09-07 06:48:59,-105.8361,35.0968,10668.0,False,251.07,73.94,0.33,,11384.28,7264,False,0
c044b2,CSB925,Canada,2026-09-07 06:48:59,2026-09-07 06:48:59,-82.2717,32.5577,10690.86,False,243.58,162.67,-0.33,,11269.98,6605,False,0
a1277a,UAL1137,United States,2026-09-07 06:48:59,2026-09-07 06:48:59,-115.1183,32.1901,10668.0,False,236.16,119.64,0.0,,11338.56,3325,False,0
a23465,N241H,United States,2026-09-07 06:45:19,2026-09-07 06:45:19,-111.6602,35.1488,2057.4,False,53.96,221.13,-3.25,,2141.22,,False,0
a12798,UAL436,United States,2026-09-07 06:48:59,2026-09-07 06:48:59,-118.5802,38.356,10058.4,False,255.75,80.27,0.33,,10492.74,3201,False,0
a09188,AAL1487,United States,2026-09-07 06:48:59,2026-09-07 06:48:59,-115.9744,44.2711,10980.42,False,229.65,305.15,0.33,,11216.64,,False,0
a3411f,DAL2068,United States,2026-09-07 06:48:58,2026-09-07 06:48:58,-73.86,40.7699,,True,0.0,278.44,,,,2060,False,0
c03493,TSC427,Canada,2026-09-07 06:48:59,2026-09-07 06:49:00,-79.3928,42.788,6743.7,False,182.38,3.07,-10.73,,7002.78,6160,False,0
a04f40,N119SP,United States,2026-09-07 06:48:59,2026-09-07 06:48:59,-93.2414,44.981,640.08,False,28.67,350.71,-1.63,,685.8,,False,0
a61797,,United States,2026-09-07 06:49:00,2026-09-07 06:49:00,-100.9485,45.3213,10066.02,False,257.78,99.65,0.33,,10614.66,,False,0
a39c62,UAL698,United States,2026-09-07 06:48:59,2026-09-07 06:48:59,-97.4777,39.8157,11277.6,False,251.96,83.91,0.0,,11932.92,6004,False,0
a353c8,AAL1802,United States,2026-09-07 06:48:59,2026-09-07 06:48:59,-111.2029,32.8276,10058.4,False,248.43,96.3,0.33,,10721.34,6472,False,0
c0473b,CJT2387,Canada,2026-09-07 06:48:59,2026-09-07 06:48:59,-122.6541,49.2697,3215.64,False,164.08,236.51,-2.6,,3276.6,2703,False,0
ac7c3f,N903VU,United States,2026-09-07 06:49:00,2026-09-07 06:49:00,-87.2421,36.4818,594.36,False,66.21,315.0,0.0,,601.98,,False,0
ab00ba,N808MT,United States,2026-09-07 06:48:59,2026-09-07 06:48:59,-95.5984,34.7489,944.88,False,62.84,129.69,-0.33,,982.98,1200,False,0
ad9ac9,JBU923,United States,2026-09-07 06:48:59,2026-09-07 06:49:00,-91.7887,38.5059,9136.38,False,227.24,263.63,0.0,,9677.4,7117,False,0
c032a2,WEN3739,Canada,2026-09-07 06:48:59,2026-09-07 06:48:59,-122.8288,49.2079,5318.76,False,155.85,237.67,-9.1,,5410.2,,False,0
a1beb9,N211RJ,United States,2026-09-07 06:48:59,2026-09-07 06:48:59,-111.6233,32.7474,1661.16,False,49.34,129.5,-0.33,,1699.26,,False,0
adddd5,AAL1860,United States,2026-09-07 06:49:00,2026-09-07 06:49:00,-94.3433,36.8352,10058.4,False,249.51,96.39,0.0,,10683.24,7333,False,0
a70362,N551CP,United States,2026-09-07 06:48:59,2026-09-07 06:49:00,-83.0797,39.9497,396.24,False,36.44,311.57,0.0,,419.1,,False,0
a0c075,AAL2065,United States,2026-09-07 06:46:43,2026-09-07 06:47:59,-110.9462,36.3079,10675.62,False,270.67,56.16,-0.33,,11323.32,7216,False,0
ad7ab8,JBU16,United States,2026-09-07 06:48:59,2026-09-07 06:48:59,-90.5923,40.8702,10668.0,False,239.82,75.34,0.0,,11254.74,,False,0
a4798f,FFT3442,United States,2026-09-07 06:48:59,2026-09-07 06:48:59,-83.4477,32.4653,8290.56,False,257.33,143.29,7.48,,8763.0,2073,False,0
a32095,AAL9793,United States,2026-09-07 06:49:00,2026-09-07 06:49:00,-97.5037,38.9026,11582.4,False,221.93,260.12,0.0,,12321.54,2654,False,0
c025d2,CSB805,Canada,2026-09-07 06:49:00,2026-09-07 06:49:00,-90.5141,39.817,10972.8,False,221.5,272.93,0.0,,11612.88,,False,0
a25b4d,ATN3300,United States,2026-09-07 06:49:00,2026-09-07 06:49:00,-107.0094,37.0849,10972.8,False,226.87,295.81,0.0,,11673.84,,False,0
a3a8c0,DAL870,United States,2026-09-07 06:48:58,2026-09-07 06:48:58,-97.0353,32.8904,,True,0.0,272.81,,,,,False,0
a082fd,DAL,United States,2026-09-07 06:48:55,2026-09-07 06:48:55,-93.2069,44.8841,,True,0.06,210.94,,,,1302,False,0
02013f,RAM7219,Morocco,2026-09-07 06:49:00,2026-09-07 06:49:00,-75.7167,39.06,8625.84,False,263.85,85.08,8.13,,8953.5,2402,False,0
a7037f,DAL690,United States,2026-09-07 06:48:59,2026-09-07 06:48:59,-119.9566,38.3556,8808.72,False,252.54,80.38,3.25,,9197.34,3234,False,0
a25b3f,ASA343,United States,2026-09-07 06:48:57,2026-09-07 06:48:57,-107.7816,45.8303,10668.0,False,241.13,98.96,0.0,,11125.2,,False,0
ad4747,AAL1387,United States,2026-09-07 06:45:36,2026-09-07 06:45:36,-104.6742,39.862,,True,2.31,351.56,,,,0041,False,0
780a6f,CPA3290,China,2026-09-07 06:48:59,2026-09-07 06:49:00,-121.1669,47.5966,10668.0,False,269.18,125.12,0.0,,10812.78,,False,0
a99e09,FFT4345,United States,2026-09-07 06:48:59,2026-09-07 06:48:59,-118.1133,33.9647,1341.12,False,114.03,263.0,-6.83,,1379.22,1475,False,0
ad7b58,N968RC,United States,2026-09-07 06:48:59,2026-09-07 06:49:00,-121.8192,37.4251,1615.44,False,57.31,155.05,-3.25,,1607.82,1200,False,0
a74b1b,SCX3065,United States,2026-09-07 06:48:59,2026-09-07 06:48:59,-81.7977,29.5358,9144.0,False,244.77,187.24,-4.55,,9707.88,5707,False,0
a98b76,FFT3311,United States,2026-09-07 06:48:59,2026-09-07 06:49:00,-103.2134,38.6985,10843.26,False,214.95,307.61,-5.2,,11544.3,4420,False,0
a75da2,DAL783,United States,2026-09-07 06:49:00,2026-09-07 06:49:00,-98.6059,36.4269,10050.78,False,246.29,94.91,0.0,,10728.96,6770,False,0
ad2095,JBU604,United States,2026-09-07 06:48:59,2026-09-07 06:48:59,-119.6933,48.2636,10134.6,False,234.6,121.46,2.28,,10226.04,,False,0
a99e87,N719LS,United States,2026-09-07 06:48:59,2026-09-07 06:48:59,-86.2705,36.1049,1059.18,False,57.76,94.09,0.0,,1089.66,,False,0
a1e132,MXY351,United States,2026-09-07 06:48:59,2026-09-07 06:48:59,-114.4333,35.9758,4579.62,False,207.13,96.56,9.75,,4800.6,,False,0
a07176,AMX022,United States,2026-09-07 06:48:59,2026-09-07 06:48:59,-85.2231,32.3557,11582.4,False,256.66,239.53,-0.33,,12260.58,7261,False,0
4bb142,THY99D,Turkey,2026-09-07 06:48:59,2026-09-07 06:48:59,-69.1072,42.0368,9448.8,False,252.09,44.75,0.0,,9593.58,1112,False,0
aa720f,SKW4905,United States,2026-09-07 06:49:00,2026-09-07 06:49:00,-107.1734,32.1445,5524.5,False,178.1,97.8,-8.45,,5852.16,1564,False,0
a13c43,SKW3444,United States,2026-09-07 06:48:57,2026-09-07 06:48:58,-120.6057,35.2172,259.08,False,67.63,303.21,-4.55,,236.22,6456,False,0
abf515,N87ME,United States,2026-09-07 06:48:59,2026-09-07 06:49:00,-77.0613,38.9879,350.52,False,64.85,148.96,-0.33,,373.38,,False,0
ac287c,SWA3265,United States,2026-09-07 06:48:59,2026-09-07 06:48:59,-114.9018,46.1058,10972.8,False,244.35,310.9,-0.33,,11186.16,,False,0
ad33dd,N95RZ,United States,2026-09-07 06:48:56,2026-09-07 06:48:56,-83.0136,41.2196,640.08,False,64.03,344.62,-0.33,,670.56,,False,0
ad20e0,N945MT,United States,2026-09-07 06:48:59,2026-09-07 06:49:00,-84.9978,35.1479,762.0,False,66.49,68.2,0.0,,769.62,,False,0
ad20f4,AAL3185,United States,2026-09-07 06:48:59,2026-09-07 06:48:59,-122.8315,45.583,3086.1,False,152.34,117.78,13.0,,3139.44,,False,0
a63ec1,N501MG,United States,2026-09-07 06:48:59,2026-09-07 06:48:59,-111.5925,36.4277,13106.4,False,224.42,250.03,3.9,,13822.68,3631,False,0
ab19f2,SCM81,United States,2026-09-07 06:48:59,2026-09-07 06:48:59,-96.462,30.9725,9822.18,False,218.32,46.34,7.8,,10492.74,,False,0
a6950e,N523LA,United States,2026-09-07 06:49:00,2026-09-07 06:49:00,-112.9339,33.082,2324.1,False,75.69,69.72,0.0,,2423.16,,False,0
a21557,LN233TJ,United States,2026-09-07 06:47:31,2026-09-07 06:47:31,-111.9622,40.7999,1310.64,False,54.53,180.54,-2.6,,1295.4,3542,False,0
addf01,AAL1504,United States,2026-09-07 06:49:00,2026-09-07 06:49:00,-101.8829,32.1039,11277.6,False,214.48,84.49,-0.33,,12016.74,6404,False,0
ab4f5d,,United States,2026-09-07 06:48:53,2026-09-07 06:48:58,-81.3169,28.4081,,True,0.0,45.0,,,,,False,0
a20288,ATN3395,United States,2026-09-07 06:46:20,2026-09-07 06:46:20,-122.3001,47.4625,,True,0.0,0.0,,,,,False,0
a4421d,DAL2079,United States,2026-09-07 06:48:59,2026-09-07 06:49:00,-104.6231,40.9682,10058.4,False,243.43,107.21,0.0,,10683.24,6060,False,0
c023c8,ACA35,Canada,2026-09-07 06:48:27,2026-09-07 06:48:27,-123.1923,49.194,,True,6.69,174.38,,,,,False,0
a3311b,JBU81,United States,2026-09-07 06:47:29,2026-09-07 06:47:30,-118.1575,40.3792,9144.0,False,204.52,273.03,0.0,,9479.28,,False,0
a009a4,AAL276,United States,2026-09-07 06:48:03,2026-09-07 06:48:03,-101.0397,41.3962,10668.0,False,262.52,79.04,0.0,,11308.08,3215,False,0
a0817f,UAL2756,United States,2026-09-07 06:48:59,2026-09-07 06:48:59,-92.1259,36.0618,10668.0,False,255.88,82.37,0.0,,11323.32,1014,False,0
a4b41c,AAL1587,United States,2026-09-07 06:48:59,2026-09-07 06:48:59,-99.2902,39.1507,10683.24,False,252.86,70.39,0.0,,11369.04,0750,False,0
a94156,DAL498,United States,2026-09-07 06:49:00,2026-09-07 06:49:00,-115.1416,36.0792,,True,1.29,180.0,,,,,False,0
e8045e,LNE1453,Chile,2026-09-07 06:48:59,2026-09-07 06:48:59,-75.8282,35.6727,10378.44,False,223.87,200.73,0.0,,10850.88,1453,False,0
ad5837,AAL9827,United States,2026-09-07 06:48:25,2026-09-07 06:48:33,-114.6638,38.8473,11277.6,False,229.57,146.24,0.0,,11811.0,,False,0
346456,IBE0303,Spain,2026-09-07 06:48:59,2026-09-07 06:48:59,-81.2358,24.6575,12192.0,False,247.24,248.77,0.33,,12908.28,7257,False,0
a2bc5a,UAL1100,United States,2026-09-07 06:49:00,2026-09-07 06:49:00,-108.7562,36.3934,10668.0,False,263.04,67.1,-0.33,,11338.56,7304,True,0
740828,RJA292,Jordan,2026-09-07 06:48:59,2026-09-07 06:48:59,-78.3369,44.9481,11277.6,False,242.49,63.27,0.0,,11605.26,0543,False,0
ab5f9c,N83182,United States,2026-09-07 06:47:46,2026-09-07 06:47:48,-91.6249,39.3095,2103.12,False,73.0,105.11,0.33,,2209.8,,False,0
aa09f4,N746MN,United States,2026-09-07 06:45:11,2026-09-07 06:45:16,-80.3032,25.9187,129.54,False,76.51,122.09,-4.23,,99.06,6632,False,0
a76f48,UAL1917,United States,2026-09-07 06:48:58,2026-09-07 06:48:58,-110.4373,37.3923,10058.4,False,269.45,73.81,0.0,,10660.38,7345,False,0
a76f46,UAL2278,United States,2026-09-07 06:48:59,2026-09-07 06:48:59,-112.0763,39.4916,10668.0,False,277.25,78.44,0.33,,11193.78,3207,False,0
0d1005,VOI771,Mexico,2026-09-07 06:49:00,2026-09-07 06:49:00,-121.716,37.08,6286.5,False,202.71,133.25,8.45,,6560.82,3202,False,0
a3eeb0,UAL2341,United States,2026-09-07 06:45:49,2026-09-07 06:45:49,-122.3048,47.4399,,True,5.4,270.0,,,,,False,0
addadb,JBU278,United States,2026-09-07 06:48:59,2026-09-07 06:49:00,-115.6883,38.3682,10058.4,False,261.52,87.86,-0.33,,10515.6,3335,False,0
a45210,FFT3982,United States,2026-09-07 06:48:02,2026-09-07 06:48:21,-104.6792,39.8805,,True,0.0,5.62,,,,,False,0
a2bbac,UAL2210,United States,2026-09-07 06:48:59,2026-09-07 06:48:59,-115.7266,34.0486,9235.44,False,262.84,66.34,2.93,,9761.22,1025,False,0
a9b6e8,JKR72,United States,2026-09-07 06:48:59,2026-09-07 06:48:59,-74.6553,41.8638,7002.78,False,218.4,109.97,-11.7,,7193.28,2425,False,0
a4fc9a,LAE2525,United States,2026-09-07 06:48:36,2026-09-07 06:48:55,-110.0826,40.5339,10058.4,False,241.91,126.09,0.33,,10561.32,1547,False,0
ac7f41,AAL1695,United States,2026-09-07 06:49:00,2026-09-07 06:49:00,-114.3876,33.7581,10972.8,False,219.69,269.19,0.0,,,2432,False,0
a63bd4,VJA500,United States,2026-09-07 06:48:59,2026-09-07 06:49:00,-122.5512,37.6138,3284.22,False,154.93,160.0,21.13,,3398.52,3204,False,0
a5c222,N470LP,United States,2026-09-07 06:48:59,2026-09-07 06:48:59,-112.3046,33.4779,670.56,False,46.25,115.71,1.63,,655.32,,False,0
ac7fa0,N904SH,United States,2026-09-07 06:48:59,2026-09-07 06:48:59,-97.4629,47.6601,1996.44,False,76.67,148.44,9.1,,2080.26,,False,0
a8def1,DAL502,United States,2026-09-07 06:48:58,2026-09-07 06:48:59,-109.3214,38.5053,11277.6,False,267.97,68.61,0.0,,11925.3,,False,0
a6f581,SCX3032,United States,2026-09-07 06:48:59,2026-09-07 06:48:59,-108.0499,39.2581,11582.4,False,212.72,305.65,0.0,,12252.96,2216,False,0
a224f9,UAL2229,United States,2026-09-07 06:48:59,2026-09-07 06:49:00,-81.3262,43.0099,11582.4,False,218.24,268.11,0.0,,12016.74,3455,False,0
ada91e,N98DH,United States,2026-09-07 06:48:59,2026-09-07 06:48:59,-80.1357,40.7281,701.04,False,65.88,345.53,-5.53,,723.9,2410,False,0
a50a88,AAL1471,United States,2026-09-07 06:48:59,2026-09-07 06:48:59,-95.4613,36.7015,10066.02,False,253.57,128.08,0.0,,10721.34,,False,0
a1f1d2,N224WA,United States,2026-09-07 06:49:00,2026-09-07 06:49:00,-100.8676,32.1728,7315.2,False,215.0,258.82,0.0,,7787.64,,False,0
781fbe,CSC3838,China,2026-09-07 06:49:00,2026-09-07 06:49:00,-120.9211,35.9193,10180.32,False,252.49,324.79,4.23,,10637.52,4701,True,0
a0e607,AAL2568,United States,2026-09-07 06:48:59,2026-09-07 06:48:59,-116.8055,32.7086,1844.04,False,120.4,264.61,0.0,,1912.62,7707,False,0
76cd44,SIA37,Singapore,2026-09-07 06:48:59,2026-09-07 06:48:59,-119.6344,34.3416,5890.26,False,217.0,306.52,6.18,,6164.58,5652,False,0
a8ba85,N66111,United States,2026-09-07 06:48:59,2026-09-07 06:48:59,-81.4517,29.7068,1531.62,False,60.41,355.11,0.0,,1554.48,,False,0
a99d89,AAL78,United States,2026-09-07 06:49:00,2026-09-07 06:49:00,-78.5664,40.9581,10066.02,False,248.29,64.6,-0.65,,10416.54,2303,False,0
a99d87,ASA639,United States,2026-09-07 06:48:59,2026-09-07 06:49:00,-103.546,41.0659,10668.0,False,254.01,117.24,0.0,,11315.7,3563,False,0
a35949,JBU266,United States,2026-09-07 06:48:51,2026-09-07 06:48:56,-71.0247,42.3732,,True,0.0,95.62,,,,,False,0
a0d374,AAL2111,United States,2026-09-07 06:48:59,2026-09-07 06:48:59,-122.382,37.6769,617.22,False,119.63,38.89,3.9,,609.6,3322,False,0
899080,EVA035,Taiwan,2026-09-07 06:48:38,2026-09-07 06:48:58,-83.2374,46.1162,9144.0,False,233.68,313.04,0.0,,9532.62,2256,False,0
a7da2a,DAL2038,United States,2026-09-07 06:49:00,2026-09-07 06:49:00,-103.9727,41.184,10675.62,False,260.49,92.15,0.33,,11330.94,3421,False,0
ac9b82,N911MN,United States,2026-09-07 06:48:11,2026-09-07 06:48:11,-100.3002,44.3909,601.98,False,48.1,147.67,-4.55,,571.5,,False,0
a27949,LYM717,United States,2026-09-07 06:48:46,2026-09-07 06:48:46,-96.748,40.8483,,True,0.0,171.56,,,,,False,0
a7da01,XLJ605,United States,2026-09-07 06:48:30,2026-09-07 06:48:32,-115.1568,36.0991,,True,8.75,191.25,,,,,False,0
0d085c,AMX071,Mexico,2026-09-07 06:49:00,2026-09-07 06:49:00,-87.5342,38.2449,12192.0,False,251.41,209.82,-0.33,,12854.94,0701,False,0
a80d40,JBU50,United States,2026-09-07 06:48:59,2026-09-07 06:48:59,-115.3688,47.5956,10660.38,False,236.22,108.67,0.0,,10843.26,,False,0
a874a4,FFT3346,United States,2026-09-07 06:48:59,2026-09-07 06:48:59,-84.1089,37.2767,11414.76,False,268.59,141.22,-2.28,,12047.22,,False,0
c1e92c,MTC79,Canada,2026-09-07 06:47:03,2026-09-07 06:47:03,-79.6115,43.6622,,True,3.6,14.06,,,,,False,0
899019,CAL011,Taiwan,2026-09-07 06:48:59,2026-09-07 06:48:59,-78.3561,43.5779,9144.0,False,231.87,312.93,0.0,,9448.8,1131,False,0
a00022,N1BG,United States,2026-09-07 06:48:59,2026-09-07 06:48:59,-80.8748,32.6098,13121.64,False,246.9,173.66,0.0,,13746.48,0551,False,0
a39948,JBU66,United States,2026-09-07 06:49:00,2026-09-07 06:49:00,-98.9442,36.5997,10058.4,False,243.26,83.69,0.33,,10713.72,2604,False,0
406f74,BAW242,United Kingdom,2026-09-07 06:49:00,2026-09-07 06:49:00,-82.064,27.9116,11887.2,False,253.35,62.29,0.0,,12580.62,2255,False,0
7813c2,CCA982,China,2026-09-07 06:48:59,2026-09-07 06:48:59,-76.0886,43.0198,9144.0,False,230.1,328.9,0.0,,9387.84,1662,False,0
c07966,ACA314,Canada,2026-09-07 06:48:59,2026-09-07 06:48:59,-120.6623,49.213,7818.12,False,210.15,87.19,3.9,,7901.94,,False,0
acb5ac,N918PD,United States,2026-09-07 06:48:05,2026-09-07 06:48:09,-73.8815,40.5903,-38.1,False,2.77,111.8,0.0,,-30.48,0362,False,0
a6492f,DAL477,United States,2026-09-07 06:49:00,2026-09-07 06:49:00,-114.636,33.3669,9944.1,False,245.8,102.2,3.9,,10546.08,4606,True,0
a9e4ce,N7368J,United States,2026-09-07 06:49:00,2026-09-07 06:49:00,-95.7155,30.049,426.72,False,60.37,94.4,-0.33,,381.0,,False,0
c051d0,TSC653,Canada,2026-09-07 06:48:59,2026-09-07 06:48:59,-76.1893,38.0651,10668.0,False,230.55,22.85,0.65,,11071.86,6154,False,0
a158c9,AAL2379,United States,2026-09-07 06:48:54,2026-09-07 06:48:56,-122.3014,47.4395,,True,0.0,222.19,,,,,False,0
a31e37,PD30,United States,2026-09-07 06:48:59,2026-09-07 06:48:59,-117.5963,34.0758,685.8,False,45.69,262.23,1.3,,670.56,,False,0
a3b05d,FFT4537,United States,2026-09-07 06:48:24,2026-09-07 06:48:29,-84.4233,33.6439,,True,0.64,0.0,,,,7067,False,0
ad1e05,SWA3431,United States,2026-09-07 06:48:59,2026-09-07 06:48:59,-109.5918,36.3993,11887.2,False,260.67,63.89,0.0,,12595.86,7301,False,0
a54b2a,FFT4946,United States,2026-09-07 06:49:00,2026-09-07 06:49:00,-104.684,39.856,,True,6.69,90.0,,,,1002,False,0
899014,CAL5345,Taiwan,2026-09-07 06:48:59,2026-09-07 06:48:59,-84.2717,33.5031,3086.1,False,152.53,235.72,14.63,,3208.02,,False,0
780233,CPA3174,China,2026-09-07 06:48:59,2026-09-07 06:48:59,-80.7639,28.4188,10668.0,False,256.7,158.73,0.0,,11300.46,5377,False,0
a06db4,AAL2056,United States,2026-09-07 06:48:43,2026-09-07 06:48:43,-108.9917,35.5432,10058.4,False,262.27,72.42,0.0,,10706.1,7356,False,0
a55e48,N445ME,United States,2026-09-07 06:45:37,2026-09-07 06:45:37,-78.4647,40.5196,899.16,False,59.16,90.0,-1.95,,952.5,,False,0
adc319,N986TB,United States,2026-09-07 06:48:58,2026-09-07 06:48:58,-81.2979,29.0669,708.66,False,31.49,218.37,2.6,,716.28,,False,0
ad1cde,JBU1190,United States,2026-09-07 06:49:00,2026-09-07 06:49:00,-86.9214,41.6146,10660.38,False,240.14,79.51,-0.33,,11209.02,7213,False,0
a43e7f,UAL3892,United States,2026-09-07 06:49:00,2026-09-07 06:49:00,-85.9092,40.1455,12192.0,False,199.66,321.8,0.0,,12793.98,0726,False,0
a0275c,AAL28,United States,2026-09-07 06:48:59,2026-09-07 06:49:00,-92.886,41.7267,11292.84,False,247.83,82.85,0.0,,11910.06,2022,False,0
a06ded,REH91,United States,2026-09-07 06:49:00,2026-09-07 06:49:00,-121.1309,38.7885,457.2,False,56.83,350.62,0.0,,434.34,,False,0
89913e,EVA049,Taiwan,2026-09-07 06:48:59,2026-09-07 06:48:59,-108.6538,36.7309,10363.2,False,242.66,290.09,-0.33,,11010.9,,False,0
a3871e,JBU372,United States,2026-09-07 06:48:59,2026-09-07 06:48:59,-92.4434,42.5718,10668.0,False,248.15,87.74,0.0,,11247.12,,False,0
8990a6,CAL5382,Taiwan,2026-09-07 06:48:59,2026-09-07 06:49:00,-97.2763,32.9099,10668.0,False,246.55,104.01,0.0,,11369.04,2004,False,0
a36130,DAL2728,United States,2026-09-07 06:48:59,2026-09-07 06:48:59,-97.6637,30.2028,,True,0.06,182.81,,,,,False,0
a98408,FFT4966,United States,2026-09-07 06:48:58,2026-09-07 06:48:58,-115.1352,36.0832,,True,0.0,244.69,,,,,False,0
06a30c,QTR8U,Qatar,2026-09-07 06:48:59,2026-09-07 06:48:59,-79.105,45.3377,10363.2,False,257.28,240.67,0.0,,10675.62,0704,False,0
ad60b7,JBU1574,United States,2026-09-07 06:48:59,2026-09-07 06:48:59,-92.1744,41.6628,10668.0,False,247.0,86.06,-0.33,,11262.36,7311,False,0
ac9c76,N911XG,United States,2026-09-07 06:48:59,2026-09-07 06:48:59,-90.2047,29.8771,411.48,False,55.36,232.17,0.0,,381.0,,False,0
a05c66,N122PA,United States,2026-09-07 06:48:59,2026-09-07 06:48:59,-77.8894,35.8713,13716.0,False,207.64,37.55,0.0,,14249.4,3757,False,0
a92dfc,UAL1958,United States,2026-09-07 06:48:59,2026-09-07 06:48:59,-91.242,40.8505,10058.4,False,260.86,70.17,0.0,,10614.66,3203,False,0
a43f51,DAL1724,United States,2026-09-07 06:48:59,2026-09-07 06:48:59,-107.8271,34.6416,10058.4,False,247.65,84.28,0.0,,10721.34,7346,False,0
a2c9ec,SWA2127,United States,2026-09-07 06:48:59,2026-09-07 06:48:59,-115.1507,36.0788,,True,6.43,92.81,,,,,False,0
c1e8d4,TR441,Canada,2026-09-07 06:48:59,2026-09-07 06:48:59,-79.6257,43.6844,,True,5.4,50.62,,,,,False,0
899126,SJX025,Taiwan,2026-09-07 06:48:59,2026-09-07 06:49:00,-112.3348,33.4109,2049.78,False,143.61,279.9,7.15,,2125.98,,False,0
899123,EVA637,Taiwan,2026-09-07 06:48:59,2026-09-07 06:49:00,-75.9123,41.6018,10363.2,False,233.21,289.99,0.0,,10645.14,2656,False,0
a360b7,JBU820,United States,2026-09-07 06:49:00,2026-09-07 06:49:00,-78.4068,42.4145,10972.8,False,216.63,283.18,0.0,,11323.32,7155,False,0
add734,JBU778,United States,2026-09-07 06:48:59,2026-09-07 06:48:59,-87.3531,43.1429,9448.8,False,240.65,96.26,0.0,,9921.24,7314,False,0
ad8791,N971CC,United States,2026-09-07 06:44:23,2026-09-07 06:44:23,-81.6213,41.4973,243.84,False,17.6,344.74,-2.6,,281.94,,False,0
a4f2ee,QFA7554,United States,2026-09-07 06:48:59,2026-09-07 06:48:59,-107.2972,32.4193,9753.6,False,262.19,265.39,-0.33,,10393.68,,False,0
a07dc8,UAL218,United States,2026-09-07 06:45:13,2026-09-07 06:45:24,-115.3299,38.4756,11277.6,False,289.32,77.47,-0.33,,11818.62,2646,False,0
a6cb48,JBU198,United States,2026-09-07 06:48:54,2026-09-07 06:48:54,-122.3062,47.4619,,True,8.23,0.0,,,,,False,0
a7fe18,N614FA,United States,2026-09-07 06:48:59,2026-09-07 06:48:59,-122.9459,45.5366,7.62,False,22.43,323.39,0.0,,38.1,4661,False,0
aa7f4e,UAL2129,United States,2026-09-07 06:47:40,2026-09-07 06:47:48,-100.5774,39.2991,10058.4,False,249.56,75.19,0.0,,10698.48,7276,False,0
aa7f65,GLG7394,United States,2026-09-07 06:49:00,2026-09-07 06:49:00,-74.4617,39.408,6941.82,False,217.57,40.2,-12.03,,7170.42,5445,False,0
c00dce,FLE600,Canada,2026-09-07 06:48:58,2026-09-07 06:48:59,-114.0664,49.0597,11277.6,False,231.68,100.36,0.0,,11490.96,,False,0
a39706,N330NL,United States,2026-09-07 06:49:00,2026-09-07 06:49:00,-117.8151,33.5933,1539.24,False,54.01,139.64,-0.33,,1577.34,5520,False,0
aa7ebc,UAL2017,United States,2026-09-07 06:48:59,2026-09-07 06:48:59,-117.9678,45.7969,10058.4,False,248.38,96.18,0.0,,10165.08,3532,False,0
c00da8,FLE106,Canada,2026-09-07 06:48:59,2026-09-07 06:48:59,-119.3115,49.2242,11277.6,False,238.41,87.53,1.95,,11414.76,,False,0
acfc26,CMB537,United States,2026-09-07 06:48:59,2026-09-07 06:48:59,-75.5467,37.9568,7642.86,False,254.75,36.71,10.08,,7909.56,,False,0
a3845c,JBU2066,United States,2026-09-07 06:48:51,2026-09-07 06:48:56,-71.0149,42.3674,,True,0.0,331.88,,,,1407,False,0
4ba955,THY10,Turkey,2026-09-07 06:48:59,2026-09-07 06:49:00,-98.5681,46.3992,9448.8,False,279.51,56.49,0.0,,9951.72,,False,0
ab313c,DAL659,United States,2026-09-07 06:48:55,2026-09-07 06:48:55,-115.1386,36.0808,,True,0.0,315.0,,,,7156,False,0
a1b9c0,PXG210,United States,2026-09-07 06:48:59,2026-09-07 06:48:59,-80.4016,25.7987,518.16,False,94.26,87.18,-4.55,,518.16,0014,False,0
c1e5bf,WLD61,Canada,2026-09-07 06:48:59,2026-09-07 06:48:59,-123.1987,49.2066,,True,11.32,98.44,,,,,False,0
4ba946,THY12,Turkey,2026-09-07 06:48:59,2026-09-07 06:49:00,-71.3621,41.4214,9761.22,False,256.33,54.97,6.5,,9951.72,3333,True,0
a7fdf2,DAL458,United States,2026-09-07 06:49:00,2026-09-07 06:49:00,-112.3479,35.8249,10058.4,False,262.41,76.51,0.33,,10660.38,7331,False,0
8990e6,EVA051,Taiwan,2026-09-07 06:49:00,2026-09-07 06:49:00,-96.3231,31.6455,7978.14,False,245.37,324.64,4.55,,8503.92,,False,0
8990e3,EVA031,Taiwan,2026-09-07 06:49:00,2026-09-07 06:49:00,-79.4296,45.6979,9144.0,False,231.72,315.09,0.0,,9456.42,1514,False,0
8990e0,EVA055,Taiwan,2026-09-07 06:48:58,2026-09-07 06:48:59,-95.026,46.8385,8534.4,False,242.46,304.8,0.0,,8968.74,,False,0
8990f3,CAL035,Taiwan,2026-09-07 06:48:59,2026-09-07 06:49:00,-112.5094,33.4367,3185.16,False,156.22,280.05,2.6,,3345.18,,False,0
ad846f,JBU8779,United States,2026-09-07 06:48:59,2026-09-07 06:48:59,-88.1887,34.8762,4869.18,False,185.59,218.59,-8.45,,5135.88,,False,0
a88737,FFT3599,United States,2026-09-07 06:48:51,2026-09-07 06:48:59,-104.6665,39.8546,,True,0.0,177.19,,,,,False,0
8990eb,CAL5115,Taiwan,2026-09-07 06:44:21,2026-09-07 06:44:22,-122.097,33.5851,9753.6,False,234.2,256.15,0.0,,10233.66,1022,False,0
a79aae,ASA2618,United States,2026-09-07 06:48:59,2026-09-07 06:48:59,-102.374,36.3108,12192.0,False,226.83,256.09,0.0,,12969.24,6762,False,0
a07f81,N131GC,United States,2026-09-07 06:48:59,2026-09-07 06:48:59,-115.1496,36.1695,914.4,False,40.09,213.49,-0.33,,899.16,,False,0
a526e6,ASA746,United States,2026-09-07 06:44:14,2026-09-07 06:45:25,-122.2998,47.4484,,True,5.4,157.5,,,,,False,0
ad9712,JBU162,United States,2026-09-07 06:48:59,2026-09-07 06:48:59,-120.2642,38.9417,5920.74,False,231.86,49.95,5.85,,6134.1,,False,0
aa7f28,UAL2837,United States,2026-09-07 06:48:51,2026-09-07 06:48:59,-111.7871,38.4964,10058.4,False,275.23,90.21,0.33,,10599.42,,False,0
0d08f3,VIV5117,Mexico,2026-09-07 06:49:00,2026-09-07 06:49:00,-116.0915,32.2761,3390.9,False,190.75,290.19,-4.88,,3604.26,1321,False,0
a526ed,ATN3367,United States,2026-09-07 06:48:59,2026-09-07 06:48:59,-121.5988,38.687,,True,0.0,351.56,,,,,False,0
a370be,N3200X,United States,2026-09-07 06:49:00,2026-09-07 06:49:00,-93.7097,38.892,6789.42,False,210.29,93.51,18.53,,7170.42,,False,0
0d08b3,AMX188,Mexico,2026-09-07 06:48:49,2026-09-07 06:48:49,-109.2891,28.0611,11582.4,False,233.04,309.81,0.33,,12344.4,,False,0
a06bb6,N126TS,United States,2026-09-07 06:48:35,2026-09-07 06:48:36,-120.695,46.0889,5791.2,False,132.52,75.15,0.0,,5875.02,4772,True,0
71c250,KAL006,Republic of Korea,2026-09-07 06:48:23,2026-09-07 06:48:28,-115.1344,36.0844,,True,0.0,90.0,,,,,False,0
c06590,ACA1274,Canada,2026-09-07 06:48:59,2026-09-07 06:48:59,-115.2742,36.0854,1752.6,False,112.9,309.64,6.18,,1790.7,,False,0
a38522,KII837,United States,2026-09-07 06:48:59,2026-09-07 06:48:59,-89.4564,37.975,11582.4,False,223.72,259.8,0.0,,12275.82,,False,0
c0653d,ACA780,Canada,2026-09-07 06:48:59,2026-09-07 06:48:59,-110.1486,38.768,11277.6,False,274.3,57.56,0.0,,11917.68,4466,False,0
a31ba5,N3LL,United States,2026-09-07 06:48:58,2026-09-07 06:48:58,-80.3616,25.9535,426.72,False,78.35,138.46,-1.95,,411.48,2426,False,0
a2b501,UAL877,United States,2026-09-07 06:48:37,2026-09-07 06:48:58,-122.3942,37.6175,,True,0.0,298.12,,,,,False,0
a5ac3b,AAL3235,United States,2026-09-07 06:48:59,2026-09-07 06:48:59,-117.3408,33.9898,4777.74,False,169.88,261.99,-8.78,,5021.58,1725,False,0
a500dd,N421RR,United States,2026-09-07 06:48:59,2026-09-07 06:49:00,-93.1163,44.1908,4815.84,False,95.92,274.0,-2.28,,5029.2,,False,0
a8881e,QXE2351,United States,2026-09-07 06:48:58,2026-09-07 06:48:58,-123.2154,44.1196,,True,0.0,120.94,,,,4657,False,0
a740ff,TAI590,United States,2026-09-07 06:49:00,2026-09-07 06:49:00,-78.2201,36.9649,10050.78,False,229.53,24.5,-0.33,,10507.98,1001,False,0
a037b9,DAL912,United States,2026-09-07 06:49:00,2026-09-07 06:49:00,-103.4894,39.774,10058.4,False,255.25,106.39,0.0,,10706.1,6036,False,0
a2b562,ASA269,United States,2026-09-07 06:48:59,2026-09-07 06:48:59,-99.7519,46.1337,11277.6,False,273.29,97.25,0.0,,11864.34,,False,0
aa3909,N758PC,United States,2026-09-07 06:48:59,2026-09-07 06:48:59,-122.8147,43.3684,6416.04,False,118.86,339.21,-7.15,,6560.82,3273,False,0
a8758b,QXE2245,United States,2026-09-07 06:48:59,2026-09-07 06:48:59,-118.1258,46.3054,1630.68,False,119.69,130.47,-4.23,,1645.92,,False,0
acfbfd,ASA1371,United States,2026-09-07 06:49:00,2026-09-07 06:49:00,-117.7969,46.7171,10058.4,False,240.76,106.38,0.0,,10149.84,,False,0
aa1219,AAL1193,United States,2026-09-07 06:47:46,2026-09-07 06:47:53,-87.9314,41.9851,,True,7.72,0.0,,,,,False,0
ad727c,AMX025,United States,2026-09-07 06:48:59,2026-09-07 06:48:59,-90.6525,30.5681,11269.98,False,239.68,42.04,-0.33,,11963.4,,False,0
ad2ea1,ASA624,United States,2026-09-07 06:43:54,2026-09-07 06:43:54,-107.4166,46.2753,10668.0,False,245.04,98.57,-0.33,,11117.58,,False,0
a9823d,UAL1,United States,2026-09-07 06:48:59,2026-09-07 06:48:59,-123.3275,37.7226,5219.7,False,203.13,273.78,8.13,,5440.68,3347,False,0
a527d5,N431LF,United States,2026-09-07 06:44:47,2026-09-07 06:44:47,-122.954,45.5413,,True,0.06,227.81,,,,,False,0
0d07a8,VOI7810,Mexico,2026-09-07 06:48:59,2026-09-07 06:48:59,-118.1814,34.6911,11582.4,False,235.15,330.8,0.0,,12192.0,7222,False,0
a1cdd8,UAL418,United States,2026-09-07 06:48:59,2026-09-07 06:48:59,-113.6271,34.3857,11033.76,False,278.87,75.58,2.28,,11719.56,6525,False,0
781940,CSN438,China,2026-09-07 06:48:59,2026-09-07 06:48:59,-93.9013,49.2382,9753.6,False,235.29,338.31,0.0,,10187.94,,False,0
a1244b,UAL258,United States,2026-09-07 06:48:15,2026-09-07 06:48:15,-88.7528,27.8175,10668.0,False,234.85,24.32,0.0,,11315.7,,False,0
a972ee,GTI353,United States,2026-09-07 06:48:59,2026-09-07 06:48:59,-94.1961,45.6251,9753.6,False,235.82,309.25,0.0,,10271.76,,False,0
a3776f,AAL1292,United States,2026-09-07 06:48:59,2026-09-07 06:48:59,-104.6731,39.8613,,True,7.46,90.0,,,,,False,0
a28adf,CHP51,United States,2026-09-07 06:49:00,2026-09-07 06:49:00,-118.1057,34.0943,1676.4,False,75.0,108.81,0.0,,1722.12,1200,False,0
ac5868,FDX9798,United States,2026-09-07 06:48:59,2026-09-07 06:48:59,-92.6675,33.7172,10668.0,False,248.02,58.49,0.0,,11346.18,,False,0
a9e8cf,N738AM,United States,2026-09-07 06:49:00,2026-09-07 06:49:00,-117.2176,32.8918,373.38,False,66.52,176.01,-1.3,,342.9,0227,False,0
a8eb21,FFT3340,United States,2026-09-07 06:48:59,2026-09-07 06:48:59,-103.1207,40.6736,7635.24,False,232.26,60.26,5.53,,8107.68,1420,False,0
a35109,JBU359,United States,2026-09-07 06:48:59,2026-09-07 06:48:59,-98.7949,40.8932,10668.0,False,241.61,77.21,0.0,,11346.18,1041,False,0
a0af06,N143NE,United States,2026-09-07 06:48:59,2026-09-07 06:49:00,-70.6823,41.9898,586.74,False,71.3,135.0,0.0,,586.74,,False,0
a6aab5,DAL89,United States,2026-09-07 06:48:59,2026-09-07 06:48:59,-122.9662,36.1298,10363.2,False,249.19,299.16,0.0,,10820.4,4470,False,0
a77ae0,DAL575,United States,2026-09-07 06:48:59,2026-09-07 06:48:59,-115.0587,34.3103,10972.8,False,217.36,260.74,0.0,,11620.5,2037,False,0
a5916a,JCM458,United States,2026-09-07 06:48:59,2026-09-07 06:48:59,-87.7167,36.132,4366.26,False,210.12,142.26,-13.98,,4564.38,,False,0
71c381,AAR211,Republic of Korea,2026-09-07 06:48:59,2026-09-07 06:48:59,-122.7298,37.8079,3169.92,False,152.28,306.48,3.58,,3261.36,,False,0
a62778,GTI648,United States,2026-09-07 06:48:59,2026-09-07 06:48:59,-85.1111,36.3113,10668.0,False,271.74,152.61,0.0,,11269.98,5757,False,0
a639bb,N50XY,United States,2026-09-07 06:46:48,2026-09-07 06:46:48,-81.2173,33.9615,464.82,False,56.4,104.8,-3.25,,518.16,5613,False,0
a639c0,N50YC,United States,2026-09-07 06:48:59,2026-09-07 06:48:59,-90.394,41.2543,11582.4,False,205.12,241.38,0.33,,12230.1,,False,0
a4e6b8,N415AE,United States,2026-09-07 06:46:06,2026-09-07 06:46:06,-96.7665,33.0235,251.46,False,5.66,180.0,-0.65,,228.6,,False,0
a496a5,POD5,United States,2026-09-07 06:48:59,2026-09-07 06:49:00,-105.7799,37.2878,13708.38,False,213.66,257.2,-0.33,,14462.76,7066,False,0
7805aa,CSG2568,China,2026-09-07 06:48:59,2026-09-07 06:48:59,-73.7695,40.6322,,True,9.26,180.0,,,,,False,0
7805dd,CKK223,China,2026-09-07 06:49:00,2026-09-07 06:49:00,-118.0179,33.9315,922.02,False,97.0,23.44,0.0,,922.02,1422,False,0
a613e7,ATN3321,United States,2026-09-07 06:48:23,2026-09-07 06:48:25,-99.9467,40.9744,10363.2,False,226.3,251.03,0.0,,10972.8,,False,0
a3a0eb,UAL2810,United States,2026-09-07 06:49:00,2026-09-07 06:49:00,-121.4944,37.5661,3467.1,False,167.48,261.52,-9.75,,3581.4,3346,False,0
adb424,N982SB,United States,2026-09-07 06:48:59,2026-09-07 06:48:59,-122.9514,45.0823,4541.52,False,129.95,195.85,0.0,,4632.96,,False,0
aa4c51,N7627P,United States,2026-09-07 06:48:59,2026-09-07 06:48:59,-97.8333,32.4687,426.72,False,53.68,18.43,-1.63,,403.86,,False,0
a999df,GTI4312,United States,2026-09-07 06:48:59,2026-09-07 06:48:59,-83.954,34.9779,10363.2,False,234.63,315.09,0.0,,10949.94,2645,False,0
a733e6,AAL3035,United States,2026-09-07 06:48:59,2026-09-07 06:48:59,-99.6555,37.0339,10058.4,False,254.68,90.93,0.33,,10721.34,7377,False,0
a1bc92,JBU1524,United States,2026-09-07 06:48:59,2026-09-07 06:48:59,-103.5781,37.8061,10668.0,False,254.44,71.13,0.0,,11391.9,3602,False,0
39cf10,AFR173,France,2026-09-07 06:49:00,2026-09-07 06:49:00,-84.1086,33.2315,11635.74,False,243.65,57.85,2.6,,12283.44,4231,False,0
aca760,N914UY,United States,2026-09-07 06:48:56,2026-09-07 06:48:58,-115.1365,36.0806,,True,0.0,45.0,,,,,False,0
407cd1,BAW4LV,United Kingdom,2026-09-07 06:48:59,2026-09-07 06:48:59,-106.3928,44.0332,11887.2,False,290.84,42.92,0.0,,12466.32,,False,0
adb43d,N982TB,United States,2026-09-07 06:49:00,2026-09-07 06:49:00,-81.28,29.0832,556.26,False,29.74,232.73,3.9,,548.64,,False,0
78072a,YZR7451,China,2026-09-07 06:45:36,2026-09-07 06:45:36,-87.9004,41.9898,,True,6.94,0.0,,,,7235,False,0
a54ee1,FFT3439,United States,2026-09-07 06:49:00,2026-09-07 06:49:00,-121.8666,37.4928,2156.46,False,119.0,253.68,-6.18,,2209.8,3303,False,0
ab7fee,N840AW,United States,2026-09-07 06:48:53,2026-09-07 06:48:57,-112.0014,33.438,,True,0.0,270.0,,,,,False,0
a973de,N708SH,United States,2026-09-07 06:47:20,2026-09-07 06:47:20,-115.1638,36.0915,670.56,False,29.46,204.78,-2.6,,655.32,,False,0
c04599,CJT942,Canada,2026-09-07 06:49:00,2026-09-07 06:49:00,-84.4063,39.552,6118.86,False,209.28,36.5,11.7,,6385.56,,False,0
ac9fed,N912UT,United States,2026-09-07 06:46:22,2026-09-07 06:46:22,-95.8004,32.1828,396.24,False,58.1,249.8,-2.93,,388.62,,False,0
ab11cf,MVP620,United States,2026-09-07 06:48:27,2026-09-07 06:48:27,-72.6801,41.9446,,True,10.8,45.0,,,,2616,False,0
a89bd6,N654CP,United States,2026-09-07 06:46:12,2026-09-07 06:46:19,-74.4019,40.8111,53.34,False,59.99,216.28,-4.55,,68.58,4207,False,0
c05858,ACA7265,Canada,2026-09-07 06:48:59,2026-09-07 06:48:59,-73.1001,40.0583,10980.42,False,215.36,318.39,0.0,,11277.6,7456,False,0
406c3b,VIR156T,United Kingdom,2026-09-07 06:48:59,2026-09-07 06:48:59,-110.8207,40.1865,11887.2,False,299.82,43.75,-0.33,,12496.8,,False,0
406c3a,VIR24M,United Kingdom,2026-09-07 06:48:59,2026-09-07 06:48:59,-116.5401,34.9314,7909.56,False,283.31,47.65,4.23,,8351.52,1046,False,0
a65bbc,DAL473,United States,2026-09-07 06:48:58,2026-09-07 06:48:58,-122.3078,47.4634,,True,5.92,216.56,,,,,False,0
c8809c,FJI871,Fiji,2026-09-07 06:48:58,2026-09-07 06:48:58,-122.3768,37.6124,,True,6.43,75.94,,,,,False,0
a65d06,SKW6373,United States,2026-09-07 06:48:59,2026-09-07 06:48:59,-117.4382,37.5594,9753.6,False,234.62,322.13,0.0,,10172.7,,False,0
a507fc,N423NM,United States,2026-09-07 06:48:59,2026-09-07 06:48:59,-94.278,43.8429,731.52,False,63.64,235.54,0.33,,769.62,,False,0
c030eb,ROU1774,Canada,2026-09-07 06:48:59,2026-09-07 06:48:59,-115.289,36.0131,3253.74,False,153.58,93.46,-4.88,,3398.52,,False,0
a16d8c,N191TA,United States,2026-09-07 06:49:00,2026-09-07 06:49:00,-71.3925,41.8314,609.6,False,74.11,181.59,0.98,,624.84,,False,0
aaf27c,UAL412,United States,2026-09-07 06:48:59,2026-09-07 06:49:00,-117.027,33.5063,11269.98,False,228.45,134.64,0.0,,11925.3,3253,False,0
aa2928,CSB585,United States,2026-09-07 06:48:59,2026-09-07 06:48:59,-89.0305,42.9876,10972.8,False,216.87,328.38,0.0,,11529.06,4061,False,0
a18eef,N2SP,United States,2026-09-07 06:48:59,2026-09-07 06:48:59,-75.6679,39.6909,83.82,False,34.61,318.01,3.9,,99.06,,False,0
789218,CPA829,China,2026-09-07 06:45:34,2026-09-07 06:46:03,-75.9847,48.9507,10058.4,False,241.8,26.67,0.0,,10271.76,2205,False,0
78921a,CPA811,China,2026-09-07 06:48:56,2026-09-07 06:48:59,-67.5442,48.9352,10668.0,False,235.94,6.13,0.0,,10820.4,3515,False,0
ad87aa,LYM173,United States,2026-09-07 06:48:59,2026-09-07 06:48:59,-92.2551,37.7557,11277.6,False,229.27,65.33,0.33,,11932.92,3530,False,0
ad87c3,0971EC,United States,2026-09-07 06:48:59,2026-09-07 06:48:59,-79.6536,36.8933,708.66,False,70.07,327.59,0.0,,731.52,,False,0
a8c815,N665PD,United States,2026-09-07 06:45:15,2026-09-07 06:45:15,-118.2297,34.0545,,True,0.45,225.0,,,,,False,0
a79ea8,DAL903,United States,2026-09-07 06:49:00,2026-09-07 06:49:00,-122.3171,47.5497,601.98,False,94.66,180.31,-5.2,,632.46,,False,0
a36279,SKW4054,United States,2026-09-07 06:48:59,2026-09-07 06:49:00,-111.5935,32.6151,4328.16,False,185.63,160.91,-8.78,,4587.24,,False,0
a97251,ASA677,United States,2026-09-07 06:48:59,2026-09-07 06:48:59,-114.3346,47.1261,10668.0,False,242.24,96.34,0.0,,10858.5,,False,0
a4d25e,N41GA,United States,2026-09-07 06:49:00,2026-09-07 06:49:00,-121.116,38.468,10347.96,False,169.34,332.89,0.0,,10805.16,6771,False,0
a387f0,JBU96,United States,2026-09-07 06:48:59,2026-09-07 06:48:59,-122.8415,45.6677,2080.26,False,138.79,254.52,12.68,,2125.98,,False,0
c1e9c3,TOW637,Canada,2026-09-07 06:45:31,2026-09-07 06:45:31,-79.6205,43.6844,,True,1.03,98.44,,,,,False,0
a66d5e,KOW513,United States,2026-09-07 06:48:59,2026-09-07 06:48:59,-117.6958,33.9603,1310.64,False,110.95,218.41,23.08,,1303.02,,False,0
78926a,CPA843,China,2026-09-07 06:48:59,2026-09-07 06:48:59,-73.3063,43.6066,10668.0,False,235.76,2.0,0.0,,10866.12,1523,False,0
a997cc,DAL507,United States,2026-09-07 06:49:00,2026-09-07 06:49:00,-93.2427,37.3672,11277.6,False,249.77,82.19,0.0,,11955.78,5437,False,0
ac9be7,N911RP,United States,2026-09-07 06:48:59,2026-09-07 06:48:59,-117.3275,34.0277,701.04,False,51.8,214.48,-0.65,,685.8,,False,0
a757ae,AAL1539,United States,2026-09-07 06:48:57,2026-09-07 06:48:59,-115.1323,36.0802,,True,0.0,261.56,,,,,False,0
c03068,ROU1649,Canada,2026-09-07 06:48:59,2026-09-07 06:48:59,-79.652,43.6825,,True,20.06,227.81,,,,3612,False,0
06a129,QTR51U,Qatar,2026-09-07 06:48:59,2026-09-07 06:48:59,-80.3958,36.4183,10058.4,False,264.72,80.83,-0.33,,10546.08,2267,False,0
a51958,N428AA,United States,2026-09-07 06:48:52,2026-09-07 06:48:57,-111.9913,33.4391,,True,0.0,348.75,,,,,False,0
406a9c,BAW186,United Kingdom,2026-09-07 06:49:00,2026-09-07 06:49:00,-71.4816,41.2443,12496.8,False,263.68,65.94,-0.33,,12778.74,5167,False,0
a11020,JSL41,United States,2026-09-07 06:48:59,2026-09-07 06:48:59,-82.6585,31.4851,5730.24,False,238.83,138.93,-12.68,,6004.56,2555,False,0
a55fa2,UAL368,United States,2026-09-07 06:49:00,2026-09-07 06:49:00,-121.3776,38.3442,6507.48,False,224.61,53.29,5.53,,6781.8,3333,False,0
a48356,FFT2746,United States,2026-09-07 06:48:59,2026-09-07 06:48:59,-102.346,39.2753,9700.26,False,246.03,99.27,2.6,,10332.72,1407,False,0
a3500f,UPS1310,United States,2026-09-07 06:48:59,2026-09-07 06:48:59,-85.8725,37.9434,4602.48,False,213.6,169.31,16.26,,4792.98,,False,0
a41b5b,N364CA,United States,2026-09-07 06:48:59,2026-09-07 06:49:00,-98.5783,26.2947,3817.62,False,81.34,145.3,0.0,,4030.98,,False,0
a9d5a2,UAL2094,United States,2026-09-07 06:48:58,2026-09-07 06:48:59,-114.8217,45.582,10668.0,False,253.2,93.96,0.0,,10873.74,,False,0
a41b66,ABX803,United States,2026-09-07 06:48:59,2026-09-07 06:48:59,-101.0139,36.9717,10972.8,False,226.15,260.84,0.0,,11666.22,4051,False,0
0ac9de,AVA148,Colombia,2026-09-07 06:48:49,2026-09-07 06:48:59,-77.4457,25.0144,10972.8,False,231.34,356.81,0.0,,11643.36,2241,False,0
a1373d,DAL365,United States,2026-09-07 06:48:59,2026-09-07 06:48:59,-113.6565,39.2444,11277.6,False,270.15,79.91,-0.33,,11811.0,3254,False,0
0ac9e1,AVA263,Colombia,2026-09-07 06:48:59,2026-09-07 06:48:59,-80.0836,26.5887,11277.6,False,237.91,160.15,0.33,,11955.78,6620,False,0
c067ae,ACA794,Canada,2026-09-07 06:48:59,2026-09-07 06:48:59,-111.829,35.8224,10386.06,False,260.75,64.9,2.93,,11018.52,2634,False,0
aa56b4,UAL719,United States,2026-09-07 06:48:58,2026-09-07 06:48:58,-119.7715,39.5102,,True,6.43,180.0,,,,,False,0
7101e3,SVA7190,Saudi Arabia,2026-09-07 06:48:52,2026-09-07 06:48:57,-68.821,44.8101,,True,0.0,132.19,,,,,False,0
ace6e2,AAL2977,United States,2026-09-07 06:48:59,2026-09-07 06:48:59,-119.4535,45.4941,11582.4,False,217.79,272.3,0.0,,11795.76,,False,0
ad0799,FDX156,United States,2026-09-07 06:48:59,2026-09-07 06:48:59,-89.5636,35.5927,5585.46,False,208.33,38.48,12.35,,5875.02,,False,0
a05776,AAL9605,United States,2026-09-07 06:48:59,2026-09-07 06:48:59,-85.082,27.5934,10355.58,False,242.2,298.69,0.0,,10980.42,3770,False,0
aab9a3,N790SP,United States,2026-09-07 06:48:59,2026-09-07 06:49:00,-73.5248,40.8419,1783.08,False,37.21,264.45,0.0,,1821.18,3430,False,0
a83e49,FFT4113,United States,2026-09-07 06:48:59,2026-09-07 06:49:00,-114.1646,35.7643,4808.22,False,160.49,301.5,-6.5,,5059.68,,False,0
0d0abd,AMX692,Mexico,2026-09-07 06:48:59,2026-09-07 06:48:59,-94.1352,27.3522,11277.6,False,225.3,34.02,0.0,,11963.4,,False,0
a1775f,DAL676,United States,2026-09-07 06:48:59,2026-09-07 06:48:59,-110.386,37.3937,10668.0,False,278.01,68.85,-0.33,,11285.22,1071,False,0
a2d451,N2812A,United States,2026-09-07 06:48:59,2026-09-07 06:48:59,-86.864,41.663,2712.72,False,76.48,100.86,-0.33,,2811.78,,False,0
ad072c,TAI580,United States,2026-09-07 06:48:59,2026-09-07 06:48:59,-81.4557,31.2267,10668.0,False,238.9,24.96,-0.33,,11308.08,0742,False,0
a6a414,N527MT,United States,2026-09-07 06:45:37,2026-09-07 06:45:38,-87.3931,30.8386,510.54,False,58.77,336.8,0.0,,487.68,,False,0
ac7103,AAL1931,United States,2026-09-07 06:48:59,2026-09-07 06:48:59,-105.08,31.9764,10363.2,False,246.13,261.34,0.0,,11056.62,,False,0
a65408,AAL2314,United States,2026-09-07 06:45:36,2026-09-07 06:45:48,-115.135,36.0804,,True,0.0,272.81,,,,,False,0
a6a440,N527PM,United States,2026-09-07 06:45:30,2026-09-07 06:45:30,-90.6154,41.6399,350.52,False,50.58,133.76,-4.23,,396.24,,False,0
a163f2,AAL446,United States,2026-09-07 06:49:00,2026-09-07 06:49:00,-118.5167,37.5735,9753.6,False,224.77,275.38,0.0,,10157.46,,False,0
a7878f,ASA2619,United States,2026-09-07 06:48:58,2026-09-07 06:48:59,-97.9478,40.349,11887.2,False,265.33,102.77,0.0,,12588.24,3502,False,0
7c4927,,Australia,2026-09-07 06:48:59,2026-09-07 06:48:59,-118.4137,33.946,,True,0.06,354.38,,,,,False,0
a7d6ae,LXJ604,United States,2026-09-07 06:49:00,2026-09-07 06:49:00,-95.9501,45.3134,13716.0,False,262.62,94.38,0.0,,14310.36,,False,0
c08537,ACA299,Canada,2026-09-07 06:48:19,2026-09-07 06:48:19,-123.186,49.1876,,True,39.1,101.25,,,,3462,False,0
a4bf41,AAL3252,United States,2026-09-07 06:49:00,2026-09-07 06:49:00,-113.2792,41.8471,10972.8,False,231.72,315.09,0.0,,11399.52,7476,False,0
3c6562,OCN12,Germany,2026-09-07 06:48:58,2026-09-07 06:48:59,-92.4972,49.1675,11277.6,False,247.45,53.37,0.0,,11742.42,,False,0
ac71df,SWA3716,United States,2026-09-07 06:48:49,2026-09-07 06:48:49,-121.5946,38.6946,,True,2.06,272.81,,,,,False,0
a03235,AAL10,United States,2026-09-07 06:48:52,2026-09-07 06:48:53,-99.6901,40.5807,10683.24,False,247.36,77.26,-0.33,,11361.42,1024,False,0
a6ec56,AAL2115,United States,2026-09-07 06:48:59,2026-09-07 06:49:00,-118.5211,33.856,1135.38,False,136.33,179.78,13.66,,1135.38,,False,0
758487,PAL119,Philippines,2026-09-07 06:49:00,2026-09-07 06:49:00,-76.8542,47.7801,10058.4,False,236.98,26.01,0.0,,10287.0,2227,False,0
a5dee3,ASA40,United States,2026-09-07 06:47:16,2026-09-07 06:47:16,-116.5972,38.7976,10058.4,False,260.82,78.05,-0.33,,10500.36,3371,False,0
a65512,FALCON7,United States,2026-09-07 06:46:27,2026-09-07 06:46:29,-111.7209,33.4621,434.34,False,1.03,90.0,-0.65,,396.24,,False,0
ac8577,AAL3040,United States,2026-09-07 06:48:59,2026-09-07 06:48:59,-104.667,31.9192,10668.0,False,239.32,91.72,0.0,,11384.28,7224,False,0
aa457b,CSB529,United States,2026-09-07 06:48:59,2026-09-07 06:49:00,-97.9234,35.5971,10972.8,False,240.73,249.74,0.0,,11673.84,6751,False,0
0d0a08,VOI1773,Mexico,2026-09-07 06:48:59,2026-09-07 06:49:00,-120.2697,35.7601,11094.72,False,229.25,138.55,2.93,,11628.12,3277,False,0
738c0c,ICL982,Israel,2026-09-07 06:49:00,2026-09-07 06:49:00,-72.6284,40.6693,5440.68,False,238.73,68.24,7.8,,5539.74,3314,False,0
0d0a0d,VOI1830,Mexico,2026-09-07 06:49:00,2026-09-07 06:49:00,-116.1001,32.8881,10972.8,False,231.98,301.86,0.0,,11628.12,7340,False,0
0d0e3a,VOI1811,Mexico,2026-09-07 06:48:59,2026-09-07 06:48:59,-121.1877,38.4661,3528.06,False,181.06,123.64,11.7,,3634.74,,False,0
a4cf5d,N409PH,United States,2026-09-07 06:48:53,2026-09-07 06:48:54,-85.4955,38.7195,480.06,False,51.78,27.84,-0.33,,472.44,,False,0
0d0e03,VOI324,Mexico,2026-09-07 06:48:59,2026-09-07 06:48:59,-110.5939,29.9242,10965.18,False,239.34,302.36,0.0,,11689.08,,False,0
aaed5a,DAL656,United States,2026-09-07 06:47:44,2026-09-07 06:47:44,-122.3824,37.6135,,True,2.83,289.69,,,,7123,False,0
ad3a0d,TRF551,United States,2026-09-07 06:48:59,2026-09-07 06:48:59,-113.1489,33.4795,2773.68,False,67.16,95.27,0.0,,2880.36,,False,0
758525,PAL125,Philippines,2026-09-07 06:49:00,2026-09-07 06:49:00,-122.737,47.5063,3489.96,False,181.19,318.8,12.03,,3543.3,,False,0
a9bf60,JUS727,United States,2026-09-07 06:49:00,2026-09-07 06:49:00,-80.744,42.1669,6979.92,False,199.74,54.22,-8.13,,7277.1,2454,False,0
0c4355,DWI2363,Dominican Republic,2026-09-07 06:48:59,2026-09-07 06:48:59,-77.2228,29.1087,10972.8,False,248.5,160.03,0.0,,11612.88,,False,0
a939e8,DAL1622,United States,2026-09-07 06:48:59,2026-09-07 06:49:00,-100.809,37.0307,11277.6,False,255.14,96.25,0.0,,12009.12,1016,False,0
a0b86c,UAL1924,United States,2026-09-07 06:49:00,2026-09-07 06:49:00,-98.101,40.773,10660.38,False,244.0,87.95,-0.33,,11338.56,,False,0
a29578,MXY353,United States,2026-09-07 06:49:00,2026-09-07 06:49:00,-115.0393,33.3236,9989.82,False,247.36,98.13,1.3,,10584.18,7304,False,0
ae10ea,C2004,United States,2026-09-07 06:48:59,2026-09-07 06:48:59,-119.1309,33.794,784.86,False,122.75,32.16,-0.65,,769.62,0444,False,0
0d0cb0,VIV5043,Mexico,2026-09-07 06:48:59,2026-09-07 06:48:59,-115.2291,30.4991,10965.18,False,248.59,313.07,0.33,,11673.84,,False,0
ac3ea3,SWA2143,United States,2026-09-07 06:48:59,2026-09-07 06:49:00,-111.2892,37.9524,10058.4,False,265.07,81.07,-0.33,,10637.52,,False,0
a890fe,FFT1450,United States,2026-09-07 06:48:59,2026-09-07 06:48:59,-99.2754,38.5347,10668.0,False,252.97,108.62,0.0,,11369.04,3235,False,0
ab8862,DAL960,United States,2026-09-07 06:48:59,2026-09-07 06:48:59,-95.2168,37.0727,10058.4,False,252.23,78.83,0.0,,10698.48,1312,False,0
a0428a,AAL300,United States,2026-09-07 06:48:59,2026-09-07 06:49:00,-116.3149,34.4774,10736.58,False,205.6,245.62,-12.35,,11346.18,3336,False,0
acd203,ASI322,United States,2026-09-07 06:48:58,2026-09-07 06:48:59,-111.9354,33.2402,1402.08,False,43.95,327.43,-0.33,,1409.7,,False,0
a0b7b8,UAL8106,United States,2026-09-07 06:49:00,2026-09-07 06:49:00,-117.2975,38.1135,10363.2,False,209.24,254.02,0.0,,10858.5,,False,0
adaf8d,N981HC,United States,2026-09-07 06:49:00,2026-09-07 06:49:00,-112.0572,41.127,2735.58,False,131.93,138.48,-0.33,,2788.92,,False,0
a174c8,N193RA,United States,2026-09-07 06:48:59,2026-09-07 06:48:59,-105.9607,31.4189,4091.94,False,85.5,313.78,0.0,,4335.78,,False,0
a5a878,AAL857,United States,2026-09-07 06:48:59,2026-09-07 06:48:59,-102.8222,38.7164,10058.4,False,246.41,74.25,0.33,,10721.34,1336,False,0
a1c4b2,N213AL,United States,2026-09-07 06:45:57,2026-09-07 06:45:57,-122.3112,47.5438,,True,2.57,101.25,,,,,False,0
424786,VPCBB,United Kingdom,2026-09-07 06:48:59,2026-09-07 06:48:59,-72.8766,43.0983,11231.88,False,269.54,214.27,-11.05,,11422.38,0705,False,0
a0b7bd,UAL3750,United States,2026-09-07 06:49:00,2026-09-07 06:49:00,-87.5665,41.5445,8534.4,False,216.59,270.41,0.0,,8999.22,7127,False,0
aaa5b8,SWA2115,United States,2026-09-07 06:49:00,2026-09-07 06:49:00,-108.5898,36.5665,11277.6,False,258.26,90.34,0.33,,11963.4,,False,0
0d0d37,VOI7820,Mexico,2026-09-07 06:49:00,2026-09-07 06:49:00,-98.2527,25.9774,11277.6,False,228.89,12.72,0.33,,11963.4,,False,0
a10d82,AAL2113,United States,2026-09-07 06:45:54,2026-09-07 06:46:09,-117.3507,40.1869,10050.78,False,262.24,74.41,0.33,,10424.16,3357,False,0
a0b7fd,UAL353,United States,2026-09-07 06:48:59,2026-09-07 06:48:59,-111.2277,38.16,10668.0,False,276.36,58.09,0.0,,11285.22,6766,False,0
0d0d40,VOI1902,Mexico,2026-09-07 06:48:59,2026-09-07 06:48:59,-86.6994,33.7365,11277.6,False,231.4,52.95,0.0,,11955.78,3264,False,0
a08a8f,FDX42,United States,2026-09-07 06:46:34,2026-09-07 06:47:51,-77.5295,26.8672,10066.02,False,246.68,131.7,0.0,,10675.62,1612,False,0
84118c,JAL3,Japan,2026-09-07 06:48:59,2026-09-07 06:48:59,-76.9793,47.8592,10972.8,False,223.73,326.82,-0.33,,11224.26,0464,True,0
a4bd24,SKW3302,United States,2026-09-07 06:48:59,2026-09-07 06:48:59,-119.4129,35.3699,9753.6,False,232.73,326.91,0.0,,10210.8,1012,False,0
a891e5,QXE2010,United States,2026-09-07 06:48:57,2026-09-07 06:48:57,-123.1733,49.1966,,True,4.63,281.25,,,,,False,0
abb392,N853MB,United States,2026-09-07 06:48:59,2026-09-07 06:48:59,-104.6893,40.4144,1645.92,False,55.53,256.61,-1.3,,1645.92,,False,0
0d0bba,AMX007,Mexico,2026-09-07 06:48:59,2026-09-07 06:48:59,-91.0068,30.2387,11277.6,False,243.73,41.83,0.33,,11978.64,,False,0
a6a1b4,SCX3073,United States,2026-09-07 06:48:59,2026-09-07 06:48:59,-90.2618,29.9906,,True,6.94,286.88,,,,,False,0
a30615,YEL94,United States,2026-09-07 06:49:00,2026-09-07 06:49:00,-96.4596,35.4917,12496.8,False,231.75,187.14,0.0,,13258.8,,False,0
a42665,ATN3390,United States,2026-09-07 06:49:00,2026-09-07 06:49:00,-75.6117,41.9792,10668.0,False,239.89,68.88,0.0,,10911.84,6770,False,0
ad1927,JBU134,United States,2026-09-07 06:48:59,2026-09-07 06:48:59,-102.7435,41.2629,10683.24,False,258.84,72.18,0.33,,11338.56,3233,False,0
ab761e,AMX198,United States,2026-09-07 06:48:59,2026-09-07 06:48:59,-112.8487,31.048,10972.8,False,244.51,309.45,0.0,,11689.08,,False,0
a1d99b,JBU2120,United States,2026-09-07 06:49:00,2026-09-07 06:49:00,-86.5762,39.3179,10660.38,False,229.85,60.8,0.0,,11247.12,1006,False,0
a8f646,FFT2408,United States,2026-09-07 06:48:59,2026-09-07 06:48:59,-115.1338,36.0804,,True,1.8,0.0,,,,3577,False,0
a9acb8,DAL556,United States,2026-09-07 06:49:00,2026-09-07 06:49:00,-90.0669,42.4471,11887.2,False,253.24,88.14,0.0,,12458.7,,False,0
abb1de,SWA8504,United States,2026-09-07 06:49:00,2026-09-07 06:49:00,-119.2151,40.0225,12496.8,False,243.33,147.52,0.0,,12969.24,3545,False,0
a042db,DAL1567,United States,2026-09-07 06:48:51,2026-09-07 06:48:56,-93.2095,44.8854,,True,0.0,250.31,,,,1365,False,0
a34e40,ABX814,United States,2026-09-07 06:48:59,2026-09-07 06:48:59,-85.8404,38.2933,8663.94,False,239.11,257.07,5.53,,9121.14,,False,0
a91616,DAL785,United States,2026-09-07 06:48:59,2026-09-07 06:48:59,-107.1816,34.6578,11277.6,False,246.5,66.38,0.0,,12001.5,,False,0
a4008e,AAL1356,United States,2026-09-07 06:47:32,2026-09-07 06:47:34,-112.3105,37.2611,9806.94,False,277.97,57.16,5.2,,10355.58,,False,0
ad3a7f,AAL2330,United States,2026-09-07 06:48:58,2026-09-07 06:48:58,-115.1353,36.08,,True,0.0,0.0,,,,4766,False,0
ac74d1,N901VU,United States,2026-09-07 06:44:14,2026-09-07 06:44:14,-87.2719,36.5797,198.12,False,7.37,65.22,-0.33,,190.5,,False,0
a896c3,N65217,United States,2026-09-07 06:49:00,2026-09-07 06:49:00,-80.267,27.1295,1234.44,False,62.15,160.67,0.0,,1234.44,,False,0
a68c82,SCX3098,United States,2026-09-07 06:48:56,2026-09-07 06:48:59,-117.9968,34.7923,7193.28,False,237.68,359.75,8.78,,7551.42,2346,False,0
ae4d2f,LT617,United States,2026-09-07 06:48:52,2026-09-07 06:48:59,-117.9894,31.8871,68.58,False,31.59,16.07,-0.33,,15.24,5544,False,0
ac74fc,N901XM,United States,2026-09-07 06:48:59,2026-09-07 06:49:00,-71.5303,43.2548,594.36,False,71.65,201.04,-2.28,,609.6,,False,0
a6a6b7,ASA22,United States,2026-09-07 06:48:59,2026-09-07 06:48:59,-122.0239,47.4081,3329.94,False,157.41,64.86,7.15,,3375.66,,False,0
a523ab,FFT1650,United States,2026-09-07 06:48:50,2026-09-07 06:48:58,-115.1349,36.0826,,True,0.0,286.88,,,,,False,0
a08ec4,N135LF,United States,2026-09-07 06:48:59,2026-09-07 06:48:59,-72.0796,42.7229,731.52,False,52.39,305.41,-0.33,,754.38,,False,0
c0750f,AHC4,Canada,2026-09-07 06:49:00,2026-09-07 06:49:00,-123.2148,49.2074,205.74,False,53.52,162.09,-0.98,,213.36,,False,0
a2b0ed,UAL1973,United States,2026-09-07 06:48:54,2026-09-07 06:48:54,-123.1754,49.2001,,True,8.75,101.25,,,,3377,False,0
c0884e,POE319,Canada,2026-09-07 06:49:00,2026-09-07 06:49:00,-115.5879,45.9646,11582.4,False,229.86,306.54,0.0,,11803.38,,False,0
aa490a,GLG7393,United States,2026-09-07 06:49:00,2026-09-07 06:49:00,-73.7744,40.5386,1897.38,False,148.46,136.4,16.91,,1927.86,3340,False,0
c060c2,POE656,Canada,2026-09-07 06:48:59,2026-09-07 06:49:00,-115.0219,36.1963,3794.76,False,183.66,90.0,10.4,,3962.4,,False,0
a33ef5,AAL1305,United States,2026-09-07 06:48:44,2026-09-07 06:48:44,-123.1756,49.1981,,True,0.0,157.5,,,,,False,0
ad2baa,JBU18,United States,2026-09-07 06:48:56,2026-09-07 06:48:56,-73.7736,40.6462,,True,0.0,191.25,,,,,False,0
ade543,AAL1500,United States,2026-09-07 06:49:00,2026-09-07 06:49:00,-94.3344,33.5296,8305.8,False,251.93,69.94,6.5,,8869.68,,False,0
a2c4b8,N278FG,United States,2026-09-07 06:48:59,2026-09-07 06:48:59,-76.1445,40.9313,1318.26,False,52.38,218.22,0.0,,1356.36,,False,0
ad2c9f,RKJ948,United States,2026-09-07 06:49:00,2026-09-07 06:49:00,-110.6929,40.446,14325.6,False,242.83,312.68,0.0,,14919.96,,False,0
a1ed21,N223LA,United States,2026-09-07 06:48:58,2026-09-07 06:48:58,-118.3131,34.0396,289.56,False,35.5,89.17,-0.33,,266.7,0755,False,0
a06a7e,FDX58,United States,2026-09-07 06:48:59,2026-09-07 06:49:00,-81.0812,30.1459,11590.02,False,235.2,306.82,0.0,,12260.58,1423,False,0
c1e641,TOW 905,Canada,2026-09-07 06:46:33,2026-09-07 06:46:33,-123.174,49.1984,,True,0.26,8.44,,,,,False,0
a7c7a2,DAL899,United States,2026-09-07 06:48:43,2026-09-07 06:48:43,-109.4161,35.0004,10058.4,False,252.37,80.61,0.0,,10728.96,7036,False,0
add2b6,AAL1191,United States,2026-09-07 06:48:59,2026-09-07 06:48:59,-102.381,38.6003,10058.4,False,249.98,77.28,0.0,,10713.72,7365,False,0
acc5fb,DAL810,United States,2026-09-07 06:48:59,2026-09-07 06:48:59,-120.1343,47.1963,8397.24,False,241.13,101.07,7.48,,8465.82,,False,0
a5cfa5,UAL747,United States,2026-09-07 06:48:59,2026-09-07 06:48:59,-117.5216,45.3667,10668.0,False,253.72,106.86,-0.33,,10820.4,6614,False,0
add376,JBU1511,United States,2026-09-07 06:49:00,2026-09-07 06:49:00,-110.359,35.6921,11582.4,False,217.04,259.62,0.0,,12298.68,1670,False,0
a52602,AVA042,United States,2026-09-07 06:48:57,2026-09-07 06:48:58,-78.452,24.8407,10668.0,False,234.61,3.9,0.0,,11330.94,2422,False,0
a3965c,FFT4402,United States,2026-09-07 06:48:59,2026-09-07 06:48:59,-117.5472,36.733,8839.2,False,241.58,108.24,0.0,,9265.92,3206,False,0
abb995,SWA3547,United States,2026-09-07 06:48:32,2026-09-07 06:48:32,-117.842,38.4515,10668.0,False,256.86,80.9,0.0,,11140.44,3337,False,0
a6a990,N5284F,United States,2026-09-07 06:48:59,2026-09-07 06:48:59,-95.3605,29.7735,243.84,False,39.97,301.85,1.3,,228.6,,False,0
aa234a,N752US,United States,2026-09-07 06:48:52,2026-09-07 06:48:59,-77.0428,38.8542,-30.48,False,0.0,0.0,0.0,,-7.62,,False,0
ab4392,SCM82,United States,2026-09-07 06:49:00,2026-09-07 06:49:00,-95.7653,31.8097,4953.0,False,169.14,318.7,-5.53,,5234.94,,False,0
a94ff9,TFF900,United States,2026-09-07 06:48:59,2026-09-07 06:48:59,-78.6941,37.6942,5021.58,False,205.02,103.2,-7.15,,5219.7,7316,False,0
a0ce7f,N151GC,United States,2026-09-07 06:48:59,2026-09-07 06:48:59,-115.1437,36.1628,883.92,False,47.4,27.12,0.98,,876.3,,False,0
ac892e,AAL1649,United States,2026-09-07 06:48:59,2026-09-07 06:49:00,-111.2011,39.5881,10965.18,False,195.3,257.06,0.0,,11529.06,,False,0
a0ce68,FDX130,United States,2026-09-07 06:48:59,2026-09-07 06:48:59,-89.1517,36.1348,7802.88,False,245.89,31.4,7.15,,8260.08,,False,0
a2b2d2,,United States,2026-09-07 06:44:10,2026-09-07 06:44:10,-86.8049,40.4074,312.42,False,42.83,294.1,-2.93,,,,False,0
aa104e,AMX021,United States,2026-09-07 06:48:59,2026-09-07 06:48:59,-84.0611,35.1245,11277.6,False,241.28,49.76,-0.33,,11932.92,4260,False,0
a44e59,FFT2376,United States,2026-09-07 06:47:11,2026-09-07 06:47:11,-122.3847,37.6117,,True,0.0,298.12,,,,,False,0
ad3e36,AAL2744,United States,2026-09-07 06:48:59,2026-09-07 06:48:59,-97.3369,38.8696,10058.4,False,254.03,104.06,0.0,,10698.48,3272,False,0
a82d14,FFT2264,United States,2026-09-07 06:49:00,2026-09-07 06:49:00,-115.0028,36.0734,1211.58,False,86.04,266.92,-6.83,,1226.82,2610,False,0
a641bf,DAL448,United States,2026-09-07 06:49:00,2026-09-07 06:49:00,-122.0692,46.8236,4091.94,False,218.38,164.98,8.45,,4168.14,6674,False,0
ac0b74,SWA2204,United States,2026-09-07 06:49:00,2026-09-07 06:49:00,-109.2062,36.3324,10668.0,False,263.46,86.19,0.0,,11353.8,,False,0
ade2b8,AAL2482,United States,2026-09-07 06:48:59,2026-09-07 06:48:59,-111.9923,33.4359,,True,8.75,182.81,,,,,False,0
a667e8,SCX3024,United States,2026-09-07 06:49:00,2026-09-07 06:49:00,-86.6855,36.1967,838.2,False,117.73,344.02,6.18,,853.44,,False,0
a81a73,N621FB,United States,2026-09-07 06:48:59,2026-09-07 06:48:59,-112.2056,33.4737,487.68,False,51.97,178.87,0.0,,449.58,,False,0
a6692d,DAL2040,United States,2026-09-07 06:48:59,2026-09-07 06:48:59,-103.3931,35.7198,10058.4,False,251.02,108.77,0.33,,10751.82,,False,0
aa7b4a,UAL2111,United States,2026-09-07 06:49:00,2026-09-07 06:49:00,-120.7423,38.2477,8343.9,False,232.0,79.91,5.2,,8694.42,3235,False,0
a3d03f,DAL1075,United States,2026-09-07 06:48:57,2026-09-07 06:48:59,-71.028,42.3734,,True,0.0,233.44,,,,,False,0
78007e,CAO1189,China,2026-09-07 06:48:59,2026-09-07 06:48:59,-118.3182,33.944,365.76,False,87.1,262.87,-4.55,,342.9,5722,False,0
a52383,N430EA,United States,2026-09-07 06:48:59,2026-09-07 06:48:59,-104.2812,38.9969,2819.4,False,36.1,229.04,0.0,,2948.94,,False,0
a5363e,FFT2802,United States,2026-09-07 06:48:58,2026-09-07 06:48:59,-111.7334,37.0671,10683.24,False,260.71,67.74,0.0,,11300.46,,False,0
ace96c,AAL0013,United States,2026-09-07 06:48:55,2026-09-07 06:48:55,-71.0187,42.3706,,True,0.0,210.94,,,,6237,False,0
a2607d,N252SA,United States,2026-09-07 06:45:19,2026-09-07 06:45:19,-88.1718,42.1899,266.7,False,25.54,9.27,-1.3,,312.42,,False,0
a5232b,AAL2654,United States,2026-09-07 06:48:59,2026-09-07 06:48:59,-102.3623,33.1342,10043.16,False,236.56,99.89,0.0,,10744.2,,False,0
a07b3e,AAL1913,United States,2026-09-07 06:49:00,2026-09-07 06:49:00,-117.7534,34.0,2773.68,False,136.69,263.52,-3.58,,2887.98,2302,False,0
a87078,ATN3344,United States,2026-09-07 06:49:00,2026-09-07 06:49:00,-87.0621,36.9983,11582.4,False,231.91,243.66,-0.33,,12230.1,3274,False,0
a8d33a,N668PD,United States,2026-09-07 06:48:59,2026-09-07 06:48:59,-118.5376,34.1886,396.24,False,41.78,175.76,-0.33,,373.38,,False,0
c08561,CGYNG,Canada,2026-09-07 06:48:59,2026-09-07 06:48:59,-76.6491,45.8033,861.06,False,80.4,119.52,0.0,,906.78,,False,0
a5237f,DAL124,United States,2026-09-07 06:49:00,2026-09-07 06:49:00,-69.2881,41.7484,8161.02,False,246.5,109.38,5.53,,8305.8,,False,0
ac9923,UAL2303,United States,2026-09-07 06:48:59,2026-09-07 06:48:59,-116.2021,35.1846,10332.72,False,299.41,47.92,7.8,,10919.46,2115,False,0
a94cbe,N699GC,United States,2026-09-07 06:48:59,2026-09-07 06:48:59,-115.154,36.163,906.78,False,38.22,208.98,0.33,,906.78,,False,0
a535be,AAL3166,United States,2026-09-07 06:48:58,2026-09-07 06:48:58,-99.2017,40.0662,10363.2,False,249.06,88.7,0.0,,11041.38,3223,False,0
a668ee,ASA382,United States,2026-09-07 06:48:59,2026-09-07 06:48:59,-118.7929,47.0101,11277.6,False,243.07,102.09,0.0,,11430.0,,False,0
a788d3,DAL2139,United States,2026-09-07 06:45:07,2026-09-07 06:45:09,-113.0167,46.8403,10058.4,False,243.65,92.9,0.33,,10287.0,6630,False,0
a2d728,YEL82,United States,2026-09-07 06:48:59,2026-09-07 06:49:00,-85.0339,34.5675,4236.72,False,198.92,138.14,-8.45,,4434.84,,False,0
a2b10f,UAL2681,United States,2026-09-07 06:48:52,2026-09-07 06:48:59,-122.3755,37.6147,,True,6.94,118.12,,,,,False,0
a1a458,JBU60,United States,2026-09-07 06:48:03,2026-09-07 06:48:52,-73.7733,40.6414,,True,0.0,210.94,,,,,False,0
a44aa2,FFT4989,United States,2026-09-07 06:49:00,2026-09-07 06:49:00,-114.7309,34.3822,9502.14,False,215.41,228.58,-2.28,,10073.64,1472,False,0
ac86af,AAL2786,United States,2026-09-07 06:48:59,2026-09-07 06:48:59,-109.3667,34.8884,10972.8,False,219.02,246.02,0.0,,11673.84,4512,False,0
a7b40e,DAL2077,United States,2026-09-07 06:48:59,2026-09-07 06:48:59,-105.2417,38.9801,10660.38,False,255.05,118.43,0.0,,11338.56,6016,False,0
a2b157,UAL2078,United States,2026-09-07 06:48:56,2026-09-07 06:48:56,-111.998,33.439,,True,9.26,90.0,,,,,False,0
aacad4,CKS261,United States,2026-09-07 06:49:00,2026-09-07 06:49:00,-75.4209,41.0533,10668.0,False,265.95,85.01,0.0,,10949.94,7172,False,0
a2b133,UAL564,United States,2026-09-07 06:45:32,2026-09-07 06:45:32,-112.089,47.9046,10668.0,False,219.42,128.24,0.33,,10934.7,,False,0
a40455,UPS5336,United States,2026-09-07 06:48:52,2026-09-07 06:48:52,-80.2909,25.8032,,True,4.37,30.94,,,,6725,False,0
aa7aa0,UAL2040,United States,2026-09-07 06:48:58,2026-09-07 06:48:58,-122.3819,37.622,,True,7.72,222.19,,,,5662,False,0
a2b130,UAL1681,United States,2026-09-07 06:48:59,2026-09-07 06:48:59,-105.9951,39.6179,10972.8,False,260.65,75.72,-0.33,,11650.98,6736,False,0
a5241e,N430LF,United States,2026-09-07 06:44:00,2026-09-07 06:44:00,-122.6759,47.6587,129.54,False,15.3,160.35,-4.23,,167.64,,False,0
a3816b,KII557,United States,2026-09-07 06:48:59,2026-09-07 06:48:59,-80.2383,39.6171,11277.6,False,245.87,95.16,0.0,,11750.04,6601,False,0
a536b6,N435LL,United States,2026-09-07 06:48:59,2026-09-07 06:48:59,-94.3606,35.7665,1051.56,False,68.34,25.41,0.0,,1082.04,,False,0
a8d465,UAL1265,United States,2026-09-07 06:48:59,2026-09-07 06:49:00,-88.8305,42.4267,3581.4,False,183.71,111.18,-9.43,,3764.28,3517,False,0
a56c24,ATN3378,United States,2026-09-07 06:48:59,2026-09-07 06:48:59,-91.952,32.4083,11582.4,False,239.99,227.69,0.33,,12283.44,6613,False,0
a6318c,N499AE,United States,2026-09-07 06:47:41,2026-09-07 06:47:41,-90.2128,38.6129,320.04,False,70.52,293.2,-1.3,,335.28,,False,0
ac4bfe,SWA3406,United States,2026-09-07 06:48:59,2026-09-07 06:48:59,-111.4302,33.6278,10668.0,False,255.88,67.04,0.33,,11361.42,7145,False,0
4d0107,CLX67,Luxembourg,2026-09-07 06:48:59,2026-09-07 06:49:00,-113.5515,37.8699,10058.4,False,295.41,32.56,0.0,,10591.8,1367,False,0
ad6bdc,JBU413,United States,2026-09-07 06:49:00,2026-09-07 06:49:00,-88.8858,44.0081,9144.0,False,217.63,269.19,0.0,,9616.44,6313,False,0
a24c01,SWA120,United States,2026-09-07 06:49:00,2026-09-07 06:49:00,-116.9205,34.6659,10317.48,False,272.43,50.06,6.18,,10873.74,7234,False,0
a8147b,N62GA,United States,2026-09-07 06:48:59,2026-09-07 06:48:59,-111.7055,33.5478,1341.12,False,126.77,206.77,-6.18,,1402.08,,False,0
a5a10a,AAL2701,United States,2026-09-07 06:48:59,2026-09-07 06:48:59,-96.7425,38.731,10668.0,False,243.8,69.88,0.33,,11353.8,2602,False,0
4d012f,CLX6697,Luxembourg,2026-09-07 06:48:59,2026-09-07 06:48:59,-71.7983,38.4469,10668.0,False,274.93,52.68,0.0,,10988.04,3273,False,0
4d0110,CLX69B,Luxembourg,2026-09-07 06:48:59,2026-09-07 06:49:00,-72.7284,44.015,10668.0,False,250.65,82.45,0.0,,10843.26,6526,False,0
a7912a,DAL407,United States,2026-09-07 06:48:59,2026-09-07 06:48:59,-112.1129,37.738,10058.4,False,274.64,52.23,0.0,,10591.8,2050,False,0
a0c3b6,CSB7515,United States,2026-09-07 06:48:59,2026-09-07 06:48:59,-81.0811,29.4155,10066.02,False,249.82,163.24,-0.33,,10645.14,4041,False,0
a37f8d,00000000,United States,2026-09-07 06:48:49,2026-09-07 06:48:54,-71.0139,42.3658,,True,0.0,298.12,,,,,False,0
a0c3fc,ABX3182,United States,2026-09-07 06:49:00,2026-09-07 06:49:00,-82.2186,26.4739,9029.7,False,252.59,120.74,-13.0,,9601.2,0514,False,0
a7e198,DAL2794,United States,2026-09-07 06:48:59,2026-09-07 06:49:00,-101.9541,38.3991,10668.0,False,250.27,79.94,-0.33,,11361.42,,False,0
a696d5,SCX3029,United States,2026-09-07 06:48:58,2026-09-07 06:48:58,-101.4587,41.7512,11574.78,False,202.19,259.15,0.0,,12245.34,4045,False,0
a85c01,FFT1448,United States,2026-09-07 06:44:06,2026-09-07 06:44:07,-115.4374,38.4706,10066.02,False,265.72,92.55,0.0,,10546.08,,False,0
ac5efa,SWA3576,United States,2026-09-07 06:48:59,2026-09-07 06:48:59,-115.8865,38.6391,10668.0,False,270.43,84.21,0.33,,11155.68,3214,False,0
c05f09,JZA846,Canada,2026-09-07 06:48:59,2026-09-07 06:48:59,-122.3779,37.6222,,True,27.27,298.12,,,,3527,False,0
c04aee,CJT1926,Canada,2026-09-07 06:48:47,2026-09-07 06:48:55,-102.4143,44.2606,10972.8,False,222.65,306.92,0.0,,11567.16,,False,0
abe3e6,SWA2986,United States,2026-09-07 06:48:58,2026-09-07 06:48:58,-122.2129,37.7109,,True,0.0,59.06,,,,,False,0
a0757f,DAL362,United States,2026-09-07 06:48:58,2026-09-07 06:48:58,-93.2076,44.8794,,True,0.06,30.94,,,,6054,False,0
a6d3b3,AAL2003,United States,2026-09-07 06:48:59,2026-09-07 06:48:59,-120.4427,46.0978,9311.64,False,239.63,129.77,5.2,,9387.84,6202,False,0
8966f2,UAE9394,United Arab Emirates,2026-09-07 06:48:59,2026-09-07 06:48:59,-81.8116,41.3895,9448.8,False,255.66,98.1,0.0,,9845.04,1366,False,0
a62ee6,GTI824,United States,2026-09-07 06:49:00,2026-09-07 06:49:00,-89.3183,44.0858,9144.0,False,243.28,324.29,1.63,,9616.44,,False,0
a5521c,ASA280,United States,2026-09-07 06:48:59,2026-09-07 06:48:59,-101.3465,46.1253,10668.0,False,257.19,99.56,0.65,,11224.26,,False,0
a4453e,,United States,2026-09-07 06:47:46,2026-09-07 06:47:47,-97.6721,30.2003,152.4,False,0.0,0.0,0.0,,121.92,,False,0
abf6ae,DAL1927,United States,2026-09-07 06:44:48,2026-09-07 06:46:09,-118.7007,39.3981,10058.4,False,267.14,71.01,0.0,,10462.26,3345,False,0
a5a224,LIFE2,United States,2026-09-07 06:46:58,2026-09-07 06:46:59,-95.7323,29.9881,76.2,False,2.57,216.87,-1.3,,45.72,,False,0
a7081a,DAL517,United States,2026-09-07 06:49:00,2026-09-07 06:49:00,-107.4182,37.9189,10668.0,False,262.98,96.4,0.0,,11338.56,3323,False,0
a00d5b,AAL30,United States,2026-09-07 06:48:59,2026-09-07 06:48:59,-110.3095,38.6019,10668.0,False,272.97,59.04,0.33,,11247.12,1017,False,0
c004f3,WJA1606,Canada,2026-09-07 06:48:59,2026-09-07 06:49:00,-117.0006,48.5462,11277.6,False,242.14,101.64,0.0,,11437.62,,False,0
ad0074,JBU387,United States,2026-09-07 06:48:59,2026-09-07 06:48:59,-92.2448,39.1336,10355.58,False,223.45,260.99,-0.65,,10965.18,3417,False,0
0c21fa,CMP808,Panama,2026-09-07 06:48:59,2026-09-07 06:48:59,-77.4281,34.5606,10668.0,False,245.71,24.1,0.0,,11209.02,3736,False,0
a24d41,N2476Y,United States,2026-09-07 06:49:00,2026-09-07 06:49:00,-84.2497,30.384,1280.16,False,44.56,121.3,1.63,,1303.02,,False,0
aad96c,N79893,United States,2026-09-07 06:48:59,2026-09-07 06:48:59,-121.7687,38.801,1706.88,False,51.97,148.36,-0.33,,1714.5,,False,0
3951c1,AFR6720,France,2026-09-07 06:47:30,2026-09-07 06:47:30,-93.1437,27.4724,10972.8,False,252.87,211.52,0.0,,11643.36,0707,False,0
a1f90e,UAL96,United States,2026-09-07 06:48:41,2026-09-07 06:48:45,-122.3874,37.6219,,True,0.51,115.31,,,,,False,0
ad3997,AAL1468,United States,2026-09-07 06:48:59,2026-09-07 06:48:59,-94.1694,29.4537,11582.4,False,242.58,280.26,0.0,,12291.06,1417,False,0
a01fee,AAL177,United States,2026-09-07 06:48:58,2026-09-07 06:48:58,-116.8905,38.5239,10965.18,False,203.21,247.53,-0.33,,11452.86,,False,0
a4ca6a,ASA77,United States,2026-09-07 06:49:00,2026-09-07 06:49:00,-106.5934,41.5686,10668.0,False,256.08,110.58,0.0,,11269.98,,False,0
a4460e,UAL1385,United States,2026-09-07 06:48:59,2026-09-07 06:49:00,-114.7681,34.3764,10363.2,False,214.57,260.2,0.0,,10972.8,2147,False,0
a31370,CSB594,United States,2026-09-07 06:48:59,2026-09-07 06:48:59,-88.5752,39.7151,10363.2,False,233.41,277.34,0.0,,10927.08,,False,0
a5c990,N472LP,United States,2026-09-07 06:49:00,2026-09-07 06:49:00,-112.2961,33.528,,True,2.06,120.94,,,,,False,0
aac4ed,UAL1141,United States,2026-09-07 06:48:49,2026-09-07 06:48:49,-114.5286,38.9649,10668.0,False,283.03,79.53,0.0,,11148.06,3351,False,0
c05ea6,ACA126,Canada,2026-09-07 06:45:04,2026-09-07 06:45:04,-110.2403,48.5772,10058.4,False,226.64,122.39,-0.33,,10347.96,,False,0
a6d234,DAL452,United States,2026-09-07 06:48:48,2026-09-07 06:48:48,-113.2119,47.5921,10363.2,False,239.48,87.29,-0.33,,10614.66,,False,0
a097ce,UAL2186,United States,2026-09-07 06:48:59,2026-09-07 06:48:59,-95.8818,41.0781,11887.2,False,242.42,82.32,0.0,,12573.0,,False,0
a071c8,DAL2920,United States,2026-09-07 06:48:57,2026-09-07 06:48:57,-111.9794,40.7838,,True,0.06,174.38,,,,,False,0
a5d87a,GTI040,United States,2026-09-07 06:49:00,2026-09-07 06:49:00,-80.6252,25.7728,1341.12,False,107.15,86.97,-3.58,,1379.22,1455,False,0
c014e0,ACA1066,Canada,2026-09-07 06:48:59,2026-09-07 06:48:59,-122.8042,49.0142,3749.04,False,179.0,205.9,11.7,,3794.76,,False,0
71ba04,KAL086,Republic of Korea,2026-09-07 06:48:12,2026-09-07 06:48:18,-86.2204,48.0762,9753.6,False,226.97,321.44,0.0,,10165.08,,False,0
a4b7d7,ASA1382,United States,2026-09-07 06:46:19,2026-09-07 06:46:19,-117.5422,47.6231,,True,2.31,0.0,,,,,False,0
aa1e03,CSB507,United States,2026-09-07 06:48:59,2026-09-07 06:48:59,-97.033,27.0135,6842.76,False,221.81,215.28,-11.38,,7292.34,4020,False,0
aac33e,AVA245,United States,2026-09-07 06:47:37,2026-09-07 06:47:37,-76.6931,33.1228,12184.38,False,238.98,198.71,0.0,,12793.98,3074,False,0
a441fb,,United States,2026-09-07 06:48:52,2026-09-07 06:48:58,-97.6709,30.1954,,True,0.0,267.19,,,,,False,0
a441ef,UAL2312,United States,2026-09-07 06:49:00,2026-09-07 06:49:00,-122.4067,37.632,281.94,False,92.54,298.56,11.7,,251.46,,False,0
a10931,AAL1817,United States,2026-09-07 06:45:04,2026-09-07 06:45:04,-112.1883,47.8075,10066.02,False,225.98,115.34,0.0,,10309.86,,False,0
a9a7d0,FFT3568,United States,2026-09-07 06:48:59,2026-09-07 06:49:00,-86.0397,38.7592,11887.2,False,231.51,58.82,0.0,,12519.66,0525,False,0
a38fa4,JBU136,United States,2026-09-07 06:48:59,2026-09-07 06:48:59,-106.4332,34.6338,10668.0,False,240.68,76.02,0.0,,11376.66,,False,0
0d4510,TEST123,Mexico,2026-09-07 06:48:58,2026-09-07 06:48:59,-100.3842,25.8619,3726.18,False,32.39,237.32,,,3947.16,,False,0
a6838f,HBAL124,United States,2026-09-07 06:45:58,2026-09-07 06:48:57,-106.0313,34.7875,16794.48,False,4.12,180.0,0.0,,17335.5,2566,False,0
a12b2f,UAL1162,United States,2026-09-07 06:48:59,2026-09-07 06:48:59,-75.2645,36.3651,10363.2,False,234.02,347.43,0.0,,10812.78,,False,0
a085ed,ABX3187,United States,2026-09-07 06:48:59,2026-09-07 06:48:59,-122.3039,47.2227,3055.62,False,154.3,156.0,16.91,,3093.72,,False,0
c05e72,ROU1902,Canada,2026-09-07 06:48:59,2026-09-07 06:48:59,-119.8819,49.1274,9281.16,False,229.72,85.25,2.6,,9349.74,,False,0
a8cfae,QXE2231,United States,2026-09-07 06:48:59,2026-09-07 06:48:59,-122.5993,45.5886,,True,9.26,118.12,,,,4615,False,0
a4ee2e,AAL3276,United States,2026-09-07 06:49:00,2026-09-07 06:49:00,-116.3429,33.917,8602.98,False,267.66,75.19,3.58,,9113.52,7335,False,0
a575e0,AAL1188,United States,2026-09-07 06:48:59,2026-09-07 06:48:59,-100.5021,36.9572,10058.4,False,252.05,72.79,0.0,,10728.96,0746,False,0
a6709b,DAL1114,United States,2026-09-07 06:48:59,2026-09-07 06:48:59,-100.1521,46.6345,10652.76,False,266.17,104.9,-0.33,,11224.26,,False,0
ad2445,JBU816,United States,2026-09-07 06:48:50,2026-09-07 06:48:59,-122.385,37.6105,,True,0.64,244.69,,,,,False,0
ad7e6f,JBU515,United States,2026-09-07 06:49:00,2026-09-07 06:49:00,-119.6732,37.7897,10363.2,False,220.67,261.28,0.0,,10812.78,1532,False,0
a33716,AAL1009,United States,2026-09-07 06:48:59,2026-09-07 06:48:59,-110.7911,38.3726,10668.0,False,270.43,58.46,0.0,,11277.6,1004,False,0
a0d72b,AAL2392,United States,2026-09-07 06:48:39,2026-09-07 06:48:39,-122.2992,47.4476,,True,1.54,132.19,,,,,False,0
ad35ef,N950PC,United States,2026-09-07 06:49:00,2026-09-07 06:49:00,-73.0775,41.8559,7620.0,False,216.95,41.06,0.65,,7787.64,7153,False,0
a48b7c,N392P,United States,2026-09-07 06:48:59,2026-09-07 06:49:00,-110.9455,32.1541,975.36,False,59.16,179.5,-1.3,,967.74,,False,0
a12ac7,UAL1266,United States,2026-09-07 06:48:59,2026-09-07 06:48:59,-113.7478,31.577,9448.8,False,240.35,118.65,0.0,,10043.16,6304,False,0
a12ac8,UAL1665,United States,2026-09-07 06:48:59,2026-09-07 06:48:59,-120.4251,38.2919,8633.46,False,236.05,80.09,4.55,,8999.22,3364,False,0
a3373a,AAL3028,United States,2026-09-07 06:48:59,2026-09-07 06:48:59,-106.9791,38.4857,9753.6,False,213.66,246.89,-0.33,,10370.82,6572,False,0
a12ac2,UAL1406,United States,2026-09-07 06:48:50,2026-09-07 06:48:52,-114.0362,39.1928,10058.4,False,275.25,79.45,0.0,,10515.6,,False,0
acae9a,SKW741Y,United States,2026-09-07 06:48:27,2026-09-07 06:48:32,-104.7015,38.7994,,True,0.06,123.75,,,,5114,False,0
a74e7a,ASA371,United States,2026-09-07 06:48:59,2026-09-07 06:48:59,-100.0948,46.1092,10668.0,False,264.4,98.73,0.0,,11216.64,,False,0
a1e411,JBU1024,United States,2026-09-07 06:48:59,2026-09-07 06:48:59,-109.4145,38.8026,10058.4,False,265.18,71.92,-0.33,,10660.38,7251,False,0
a12aa1,UAL1962,United States,2026-09-07 06:48:59,2026-09-07 06:48:59,-118.2357,33.6455,4343.4,False,192.92,90.46,9.43,,4549.14,1035,False,0
a1f794,ABX505,United States,2026-09-07 06:48:59,2026-09-07 06:49:00,-98.2912,37.2968,10972.8,False,228.52,258.31,0.0,,11666.22,,False,0
a69761,SCX3096,United States,2026-09-07 06:48:59,2026-09-07 06:49:00,-101.5274,36.9685,11277.6,False,245.86,80.24,0.0,,11993.88,7217,False,0
a12aeb,UAL702,United States,2026-09-07 06:48:59,2026-09-07 06:49:00,-80.5156,25.7777,1051.56,False,126.66,87.67,-4.88,,1082.04,3342,False,0
a33766,AAL1427,United States,2026-09-07 06:45:53,2026-09-07 06:45:53,-97.6714,30.2016,,True,0.9,42.19,,,,7040,False,0
a099a5,N138HN,United States,2026-09-07 06:48:59,2026-09-07 06:48:59,-80.2632,40.4193,701.04,False,59.99,84.09,0.33,,739.14,,False,0
a0b169,ATN3337,United States,2026-09-07 06:49:00,2026-09-07 06:49:00,-117.7191,34.0712,2430.78,False,138.68,276.18,0.0,,2506.98,7274,False,0
ad6b0f,AAL9606,United States,2026-09-07 06:48:59,2026-09-07 06:48:59,-80.9278,34.9426,1188.72,False,127.37,356.06,-0.33,,1226.82,7457,False,0
ad6b0e,AMX008,United States,2026-09-07 06:47:22,2026-09-07 06:47:22,-93.9712,26.2505,12192.0,False,262.65,211.14,0.0,,12885.42,0706,False,0
a68403,N519MT,United States,2026-09-07 06:48:54,2026-09-07 06:48:54,-101.8924,33.6164,1257.3,False,69.18,42.59,-1.63,,1303.02,,False,0
ac5e6e,SWA3120,United States,2026-09-07 06:47:48,2026-09-07 06:48:04,-113.9375,46.0538,10668.0,False,251.3,92.58,0.33,,10904.22,,False,0
a11d47,DAL310,United States,2026-09-07 06:49:00,2026-09-07 06:49:00,-106.6561,41.4189,11269.98,False,257.64,105.76,0.33,,11871.96,,False,0
a22a07,ATN3302,United States,2026-09-07 06:44:43,2026-09-07 06:44:44,-95.294,29.9776,91.44,False,72.02,270.41,-2.93,,60.96,6775,False,0
71bc36,AIH281,Republic of Korea,2026-09-07 06:49:00,2026-09-07 06:49:00,-124.2145,40.643,9753.6,False,234.75,330.46,0.0,,10088.88,1023,False,0
ac4ffb,SWA1683,United States,2026-09-07 06:48:59,2026-09-07 06:48:59,-118.915,38.3108,10668.0,False,262.61,80.19,0.0,,11148.06,3213,False,0
ab6061,N832GC,United States,2026-09-07 06:49:00,2026-09-07 06:49:00,-115.1519,36.1502,906.78,False,47.55,5.59,0.65,,891.54,,False,0
a11cc1,ABX3111,United States,2026-09-07 06:48:59,2026-09-07 06:48:59,-105.4657,40.603,11003.28,False,222.09,256.06,0.0,,11635.74,6233,False,0
a59d63,ASA214,United States,2026-09-07 06:48:59,2026-09-07 06:49:00,-119.3104,47.5182,10058.4,False,240.9,91.96,0.0,,10142.22,,False,0
a5ed58,N481LP,United States,2026-09-07 06:48:46,2026-09-07 06:48:51,-112.2974,33.5278,,True,0.0,22.5,,,,,False,0
a44960,UAL521,United States,2026-09-07 06:44:21,2026-09-07 06:44:28,-71.0166,42.3613,,True,0.06,289.69,,,,7455,False,0
a4dfd2,FFT1261,United States,2026-09-07 06:48:59,2026-09-07 06:48:59,-112.9749,37.2444,10965.18,False,198.13,234.62,0.0,,11582.4,3533,False,0
0d0efb,VTM599,Mexico,2026-09-07 06:48:59,2026-09-07 06:49:00,-96.522,30.6216,9144.0,False,239.66,220.73,0.0,,9723.12,2266,False,0
a44939,UAL1703,United States,2026-09-07 06:48:59,2026-09-07 06:49:00,-80.5072,28.7763,10363.2,False,238.83,342.19,0.0,,10980.42,3631,False,0
a35cfe,NAC1701,United States,2026-09-07 06:48:59,2026-09-07 06:48:59,-124.7056,49.277,10965.18,False,212.2,321.99,0.0,,11148.06,6645,False,0
a44983,UAL2467,United States,2026-09-07 06:48:59,2026-09-07 06:48:59,-119.7095,45.628,10058.4,False,254.7,123.05,0.33,,10165.08,3524,False,0
a42323,FFT1602,United States,2026-09-07 06:48:59,2026-09-07 06:48:59,-108.4023,37.9931,10660.38,False,264.46,66.38,0.0,,11308.08,,False,0
ab2fff,N82RF,United States,2026-09-07 06:48:59,2026-09-07 06:48:59,-95.7451,29.6872,617.22,False,68.99,300.96,0.65,,624.84,,False,0
0d0ec8,VOI1871,Mexico,2026-09-07 06:49:00,2026-09-07 06:49:00,-121.046,44.5531,8542.02,False,257.41,139.95,3.9,,8694.42,6611,False,0
a4495b,UAL1652,United States,2026-09-07 06:48:59,2026-09-07 06:48:59,-121.3952,48.5023,7216.14,False,232.04,121.4,6.5,,7284.72,,False,0
a8064e,N616PA,United States,2026-09-07 06:48:52,2026-09-07 06:48:52,-92.8237,32.089,815.34,False,61.07,156.67,0.0,,822.96,,False,0
3c4599,BOX619,Germany,2026-09-07 06:49:00,2026-09-07 06:49:00,-118.4841,34.0127,2484.12,False,165.9,97.13,-3.9,,2590.8,6600,False,0
a41090,FFT4278,United States,2026-09-07 06:48:08,2026-09-07 06:48:27,-115.1349,36.0829,,True,0.0,275.62,,,,,False,0
a0b5fa,N145HH,United States,2026-09-07 06:48:15,2026-09-07 06:48:15,-72.9353,41.3003,144.78,False,39.63,268.51,-3.25,,205.74,,False,0
a47e28,EJA389,United States,2026-09-07 06:48:59,2026-09-07 06:48:59,-76.7454,42.6739,13106.4,False,234.1,90.88,-0.33,,13449.3,2617,False,0
a2f5fc,FDX105,United States,2026-09-07 06:44:45,2026-09-07 06:44:55,-89.9714,34.9699,419.1,False,62.25,359.53,-3.25,,426.72,3672,False,0
a3f07f,FFT1341,United States,2026-09-07 06:44:52,2026-09-07 06:44:52,-97.0342,32.8897,,True,0.0,272.81,,,,,False,0
abd6c6,FDX34,United States,2026-09-07 06:49:00,2026-09-07 06:49:00,-77.5697,36.7949,10668.0,False,263.53,84.62,0.0,,11125.2,,False,0
71bd79,AAR203,Republic of Korea,2026-09-07 06:48:59,2026-09-07 06:49:00,-121.2936,35.3048,9806.94,False,246.07,300.53,1.63,,10271.76,,False,0
a9ab05,ASA1648,United States,2026-09-07 06:49:00,2026-09-07 06:49:00,-117.6439,44.7751,10668.0,False,257.09,119.49,0.0,,10843.26,4333,False,0
a71b43,AAL2873,United States,2026-09-07 06:49:00,2026-09-07 06:49:00,-122.633,45.5203,3162.3,False,163.61,119.79,4.88,,3215.64,,False,0
a4ce9d,FFT3521,United States,2026-09-07 06:48:59,2026-09-07 06:48:59,-112.5655,35.5434,9144.0,False,215.86,278.5,0.0,,9700.26,6624,False,0
a46b6b,N384P,United States,2026-09-07 06:48:59,2026-09-07 06:48:59,-112.659,33.6356,1424.94,False,54.5,289.29,0.65,,1455.42,,False,0
a0b73a,N145WC,United States,2026-09-07 06:48:59,2026-09-07 06:48:59,-84.5869,39.3116,563.88,False,58.77,159.5,0.0,,586.74,,False,0
a2946d,N26533,United States,2026-09-07 06:48:59,2026-09-07 06:48:59,-94.4526,38.5102,4511.04,False,111.99,229.28,-2.93,,4732.02,,False,0
a066c7,FDX64,United States,2026-09-07 06:48:59,2026-09-07 06:48:59,-86.1894,33.2767,12192.0,False,201.04,303.73,0.0,,12877.8,7462,False,0
a5449a,AAL3022,United States,2026-09-07 06:48:59,2026-09-07 06:48:59,-103.3715,35.7148,9448.8,False,250.69,108.17,0.33,,10119.36,,False,0
71be17,KAL208,Republic of Korea,2026-09-07 06:48:59,2026-09-07 06:48:59,-121.3653,35.2679,10972.8,False,245.63,301.29,0.0,,11498.58,1530,False,0
71be40,AAR223,Republic of Korea,2026-09-07 06:49:00,2026-09-07 06:49:00,-80.1192,43.8698,10248.9,False,205.23,313.58,6.5,,10584.18,1623,False,0
a5edca,N481RC,United States,2026-09-07 06:48:59,2026-09-07 06:48:59,-81.4788,28.565,411.48,False,32.23,151.39,-0.65,,396.24,,False,0
a5a38e,ASA2623,United States,2026-09-07 06:46:07,2026-09-07 06:46:07,-100.05,38.3895,11582.4,False,226.22,276.4,0.0,,12321.54,,False,0
a195bd,N201AC,United States,2026-09-07 06:46:46,2026-09-07 06:46:46,-95.2823,29.9776,144.78,False,63.79,270.0,-3.25,,129.54,3630,False,0
a79386,ASA2613,United States,2026-09-07 06:49:00,2026-09-07 06:49:00,-78.3726,39.4331,12192.0,False,239.01,252.46,0.0,,12641.58,1506,False,0
a1f8d3,N226RS,United States,2026-09-07 06:48:59,2026-09-07 06:49:00,-77.4716,41.7643,10454.64,False,259.23,109.84,-8.45,,10789.92,2673,False,0
0c20f3,CMP850,Panama,2026-09-07 06:49:00,2026-09-07 06:49:00,-108.2654,29.7131,10668.0,False,230.56,115.65,0.33,,11376.66,7260,False,0
a48e46,DAL764,United States,2026-09-07 06:48:59,2026-09-07 06:48:59,-106.8283,35.2681,10050.78,False,251.25,65.95,0.0,,10721.34,1350,False,0
0c20e0,CMP362,Panama,2026-09-07 06:48:59,2026-09-07 06:48:59,-106.9748,29.1627,10058.4,False,230.07,116.28,-0.33,,10728.96,2001,False,0
a80329,SKW5586,United States,2026-09-07 06:49:00,2026-09-07 06:49:00,-122.6506,45.175,2994.66,False,141.81,3.95,-6.83,,3063.24,3232,False,0
ac3c0e,FDX6427,United States,2026-09-07 06:48:59,2026-09-07 06:48:59,-119.8763,45.7042,11277.6,False,266.69,122.95,0.0,,11460.48,7224,False,0
a48e7b,FFT4561,United States,2026-09-07 06:46:16,2026-09-07 06:48:12,-104.6681,39.8546,,True,0.0,180.0,,,,,False,0
0c2188,CMP409,Panama,2026-09-07 06:48:59,2026-09-07 06:49:00,-95.6134,27.9142,10668.0,False,236.81,130.51,0.0,,11330.94,3303,False,0
a1d2dc,JBU488,United States,2026-09-07 06:48:59,2026-09-07 06:48:59,-109.2859,39.1786,10058.4,False,270.15,64.51,-0.33,,10645.14,1060,False,0
abe79d,SWA3534,United States,2026-09-07 06:48:59,2026-09-07 06:49:00,-118.2487,46.5441,10668.0,False,247.13,117.53,0.0,,10789.92,,False,0
a6e8ae,VOS4313,United States,2026-09-07 06:49:00,2026-09-07 06:49:00,-77.4524,38.9473,,True,7.72,270.0,,,,,False,0
adbe91,JBU1400,United States,2026-09-07 06:48:59,2026-09-07 06:49:00,-95.6236,31.2639,10660.38,False,228.89,112.18,0.0,,11338.56,2744,False,0
39d2b3,AFR027,France,2026-09-07 06:48:59,2026-09-07 06:48:59,-97.3013,46.151,11887.2,False,279.61,77.68,-0.33,,12466.32,,False,0
a3bdb3,N340EA,United States,2026-09-07 06:48:59,2026-09-07 06:48:59,-104.5957,39.1173,2987.04,False,45.97,264.86,0.0,,3124.2,4220,False,0
a3bdac,DAL2635,United States,2026-09-07 06:48:58,2026-09-07 06:48:58,-122.3819,37.6149,,True,0.0,289.69,,,,1524,False,0
ab8411,FDX5038,United States,2026-09-07 06:48:59,2026-09-07 06:48:59,-87.7036,35.4459,10668.0,False,253.55,80.42,0.0,,11323.32,,False,0
a81755,N620ME,United States,2026-09-07 06:48:59,2026-09-07 06:48:59,-79.9606,40.4434,,True,0.0,135.0,,,,,False,0
a54163,FFT1280,United States,2026-09-07 06:48:59,2026-09-07 06:49:00,-93.2594,31.8423,10668.0,False,238.61,131.94,0.0,,11353.8,3256,False,0
a339b1,DAL2617,United States,2026-09-07 06:48:04,2026-09-07 06:48:57,-93.2288,44.8673,,True,0.64,0.0,,,,,False,0
ac3b51,SWA2333,United States,2026-09-07 06:48:59,2026-09-07 06:48:59,-109.5502,35.3408,10668.0,False,259.27,75.99,-0.33,,11353.8,2335,False,0
aa7718,SWA1558,United States,2026-09-07 06:48:59,2026-09-07 06:48:59,-99.5445,38.1567,11277.6,False,248.82,114.82,0.0,,11993.88,3536,False,0
adab38,TAI568,United States,2026-09-07 06:49:00,2026-09-07 06:49:00,-79.9084,26.5875,10066.02,False,240.69,14.48,0.0,,10683.24,4653,False,0
a12f73,UAL8108,United States,2026-09-07 06:48:59,2026-09-07 06:48:59,-81.0055,28.4016,10302.24,False,244.04,342.33,3.9,,10911.84,3775,False,0
a61f05,ASA464,United States,2026-09-07 06:48:59,2026-09-07 06:48:59,-122.3076,47.3375,1082.04,False,131.8,164.61,13.0,,1097.28,,False,0
a7816a,DAL1697,United States,2026-09-07 06:48:59,2026-09-07 06:49:00,-101.5552,38.5251,11277.6,False,250.48,69.82,0.0,,12016.74,4624,False,0
a12f52,UAL367,United States,2026-09-07 06:49:00,2026-09-07 06:49:00,-117.4899,37.9872,10972.8,False,210.62,265.24,0.0,,11468.1,7533,False,0
a6b185,N530ME,United States,2026-09-07 06:49:00,2026-09-07 06:49:00,-80.4689,40.1539,845.82,False,69.5,321.01,0.33,,883.92,,False,0
ab1d30,DAL309,United States,2026-09-07 06:48:59,2026-09-07 06:48:59,-109.4273,36.7331,11277.6,False,270.39,76.47,0.0,,11971.02,7231,False,0
a1c0f7,00000000,United States,2026-09-07 06:48:59,2026-09-07 06:49:00,-82.5229,28.1062,708.66,False,72.95,186.07,-7.15,,708.66,6315,False,0
0c2084,CMP404,Panama,2026-09-07 06:48:59,2026-09-07 06:48:59,-78.3664,30.0587,10668.0,False,229.37,21.44,0.0,,11277.6,7452,False,0
a7f6b9,FFT2428,United States,2026-09-07 06:48:59,2026-09-07 06:48:59,-115.1331,36.0814,,True,6.43,126.56,,,,3373,False,0
ac9233,N909SH,United States,2026-09-07 06:48:49,2026-09-07 06:48:49,-96.5951,43.5709,731.52,False,69.63,252.37,0.0,,731.52,,False,0
a540e3,AAL2714,United States,2026-09-07 06:47:36,2026-09-07 06:47:36,-109.6738,34.2425,9456.42,False,258.5,68.03,2.93,,10081.26,,False,0
ad1560,JBU608,United States,2026-09-07 06:49:00,2026-09-07 06:49:00,-104.6216,34.7255,10058.4,False,243.06,104.21,0.0,,10728.96,,False,0
a32803,AAL2453,United States,2026-09-07 06:48:59,2026-09-07 06:48:59,-115.711,35.5452,10050.78,False,276.54,48.24,0.33,,10622.28,7366,False,0
a43518,N370PH,United States,2026-09-07 06:47:51,2026-09-07 06:47:51,-86.8707,36.3701,685.8,False,65.51,344.98,0.0,,685.8,,False,0
0d0fed,VOI1010,Mexico,2026-09-07 06:48:59,2026-09-07 06:48:59,-110.0337,28.4767,10355.58,False,237.02,320.99,-0.33,,11049.0,,False,0
a0b550,AAL453,United States,2026-09-07 06:48:59,2026-09-07 06:48:59,-94.7445,39.2418,586.74,False,78.24,13.31,-2.93,,601.98,,False,0
a12ee0,UAL1802,United States,2026-09-07 06:48:59,2026-09-07 06:49:00,-119.0711,45.7015,10058.4,False,249.14,92.01,0.0,,10165.08,3541,False,0
a11bc8,UAL2397,United States,2026-09-07 06:49:00,2026-09-07 06:49:00,-93.4363,41.3238,11887.2,False,258.12,80.59,0.33,,12557.76,2034,False,0
a8af9d,QXE2023,United States,2026-09-07 06:48:58,2026-09-07 06:48:59,-122.5797,41.5826,10972.8,False,232.2,357.71,-0.33,,11346.18,3321,False,0
0c202c,CMP807,Panama,2026-09-07 06:48:59,2026-09-07 06:49:00,-76.8219,38.7226,9753.6,False,235.14,211.67,0.0,,10111.74,4422,False,0
a6b0c5,DAL27,United States,2026-09-07 06:48:59,2026-09-07 06:48:59,-105.9354,41.7668,10972.8,False,248.09,315.0,0.0,,11582.4,2576,False,0
0d0fc1,VOI188,Mexico,2026-09-07 06:48:56,2026-09-07 06:48:56,-111.8709,30.4872,10363.2,False,244.65,299.48,0.0,,11056.62,,False,0
a29266,N265JP,United States,2026-09-07 06:49:00,2026-09-07 06:49:00,-122.9025,42.3572,3291.84,False,90.24,176.08,0.0,,3383.28,6622,False,0
4caa41,EIN9MY,Ireland,2026-09-07 06:48:59,2026-09-07 06:49:00,-89.0626,48.1851,10668.0,False,251.01,45.5,0.0,,11132.82,,False,0
c00714,H125V,Canada,2026-09-07 06:48:59,2026-09-07 06:48:59,-79.6986,43.5967,449.58,False,34.21,257.85,-0.65,,495.3,4374,False,0
a79531,N588SA,United States,2026-09-07 06:48:59,2026-09-07 06:48:59,-122.4657,45.3224,2705.1,False,88.79,168.3,5.2,,2766.06,,False,0
